user_id,steps,distance_km,logged_km,very_active_km,moderate_active_km,light_active_km,very_active_min,fairly_active_min,lightly_active_min,sedentary_min_raw,calories,date,movement_hours,breakdown_missing,active_min,mvpa_min,goal_10k_met,share_very_km,share_moderate_km,share_light_km,day_of_week,is_weekend,week_no,logged_workout,sleep_tracked,sedentary_awake_min,sleep_last_night_night_hours_asleep,sleep_last_night_sleep_efficiency,sleep_last_night_bedtime_hrs_after_6pm,sleep_last_night_took_nap,sleep_last_night_reliable_night,sleep_tonight_night_hours_asleep,sleep_tonight_sleep_efficiency,sleep_tonight_bedtime_hrs_after_6pm,sleep_tonight_took_nap,sleep_tonight_reliable_night,hr_avg,hr_resting_est,hr_peak,minutes_hr_above_100
1503960366,13162,8.5,0.0,1.88,0.55,6.06,25.0,13.0,328.0,728.0,1985,2016-04-12,19,False,366.0,38.0,True,0.2214,0.0648,0.7138,Tuesday,False,1,False,True,728.0,5.45,0.9451,8.78,False,True,4.83,0.9265,9.13,True,True,,,,
1503960366,10735,6.97,0.0,1.57,0.69,4.71,21.0,19.0,217.0,776.0,1797,2016-04-13,17,False,257.0,40.0,True,0.2253,0.099,0.6758,Wednesday,False,1,False,True,776.0,4.83,0.9265,9.13,True,True,,,,,,,,,
1503960366,10460,6.74,0.0,2.44,0.4,3.91,30.0,11.0,181.0,1218.0,1776,2016-04-14,16,False,222.0,41.0,True,0.3615,0.0593,0.5793,Thursday,False,1,False,False,,,,,,,6.87,0.9321,8.98,False,True,,,,
1503960366,9762,6.28,0.0,2.14,1.26,2.83,29.0,34.0,209.0,726.0,1745,2016-04-15,18,False,272.0,63.0,False,0.3435,0.2022,0.4543,Friday,False,1,False,True,726.0,6.87,0.9321,8.98,False,True,5.67,0.9264,8.18,False,True,,,,
1503960366,12669,8.16,0.0,2.71,0.41,5.04,36.0,10.0,221.0,773.0,1863,2016-04-16,21,False,267.0,46.0,True,0.3321,0.0502,0.6176,Saturday,True,1,False,True,773.0,5.67,0.9264,8.18,False,True,11.67,0.9831,5.45,False,True,,,,
1503960366,9705,6.48,0.0,3.19,0.78,2.51,38.0,20.0,164.0,539.0,1728,2016-04-17,13,False,222.0,58.0,False,0.4923,0.1204,0.3873,Sunday,True,1,False,True,539.0,11.67,0.9831,5.45,False,True,,,,,,,,,
1503960366,13019,8.59,0.0,3.25,0.64,4.71,42.0,16.0,233.0,1149.0,1921,2016-04-18,16,False,291.0,58.0,True,0.3779,0.0744,0.5477,Monday,False,1,False,False,,,,,,,5.07,0.95,8.1,False,True,,,,
1503960366,15506,9.88,0.0,3.53,1.32,5.03,50.0,31.0,264.0,775.0,2035,2016-04-19,20,False,345.0,81.0,True,0.3573,0.1336,0.5091,Tuesday,False,2,False,True,775.0,5.07,0.95,8.1,False,True,6.0,0.9549,8.02,False,True,,,,
1503960366,10544,6.68,0.0,1.96,0.48,4.24,28.0,12.0,205.0,818.0,1786,2016-04-20,19,False,245.0,40.0,True,0.2934,0.0719,0.6347,Wednesday,False,2,False,True,818.0,6.0,0.9549,8.02,False,True,5.42,0.8929,8.53,False,True,,,,
1503960366,9819,6.34,0.0,1.34,0.35,4.65,19.0,8.0,211.0,838.0,1775,2016-04-21,19,False,238.0,27.0,False,0.2114,0.0552,0.7334,Thursday,False,2,False,True,838.0,5.42,0.8929,8.53,False,True,,,,,,,,,
1503960366,12764,8.13,0.0,4.76,1.12,2.24,66.0,27.0,130.0,1217.0,1827,2016-04-22,14,False,223.0,93.0,True,0.5862,0.1379,0.2759,Friday,False,2,False,False,,,,,,,6.02,0.9401,8.38,False,True,,,,
1503960366,14371,9.04,0.0,2.81,0.87,5.36,41.0,21.0,262.0,732.0,1949,2016-04-23,19,False,324.0,62.0,True,0.3108,0.0962,0.5929,Saturday,True,2,False,True,732.0,6.02,0.9401,8.38,False,True,7.17,0.9577,7.95,False,True,,,,
1503960366,10039,6.41,0.0,2.92,0.21,3.28,39.0,5.0,238.0,709.0,1788,2016-04-24,20,False,282.0,44.0,True,0.4555,0.0328,0.5117,Sunday,True,2,False,True,709.0,7.17,0.9577,7.95,False,True,4.62,0.8576,8.93,False,True,,,,
1503960366,15355,9.8,0.0,5.29,0.57,3.94,73.0,14.0,216.0,814.0,2013,2016-04-25,22,False,303.0,87.0,True,0.5398,0.0582,0.402,Monday,False,2,False,True,814.0,4.62,0.8576,8.93,False,True,4.08,0.8942,9.98,False,True,,,,
1503960366,13755,8.79,0.0,2.33,0.92,5.54,31.0,23.0,279.0,833.0,1970,2016-04-26,21,False,333.0,54.0,True,0.2651,0.1047,0.6303,Tuesday,False,3,False,True,833.0,4.08,0.8942,9.98,False,True,,,,,,,,,
1503960366,18134,12.21,0.0,6.4,0.41,5.41,78.0,11.0,243.0,1108.0,2159,2016-04-27,16,False,332.0,89.0,True,0.5237,0.0336,0.4427,Wednesday,False,3,False,False,,,,,,,6.1,0.9313,8.03,False,True,,,,
1503960366,13154,8.53,0.0,3.54,1.16,3.79,48.0,28.0,189.0,782.0,1898,2016-04-28,18,False,265.0,76.0,True,0.417,0.1366,0.4464,Thursday,False,3,False,True,782.0,6.1,0.9313,8.03,False,True,5.68,0.9633,8.35,False,True,,,,
1503960366,11181,7.15,0.0,1.06,0.5,5.58,16.0,12.0,243.0,815.0,1837,2016-04-29,19,False,271.0,28.0,True,0.1485,0.07,0.7815,Friday,False,3,False,True,815.0,5.68,0.9633,8.35,False,True,6.73,0.9506,7.83,False,True,,,,
1503960366,14673,9.25,0.0,3.56,1.42,4.27,52.0,34.0,217.0,712.0,1947,2016-04-30,19,False,303.0,86.0,True,0.3849,0.1535,0.4616,Saturday,True,3,False,True,712.0,6.73,0.9506,7.83,False,True,6.15,0.9318,8.03,False,True,,,,
1503960366,10602,6.81,0.0,2.29,1.6,2.92,33.0,35.0,246.0,730.0,1820,2016-05-01,21,False,314.0,68.0,True,0.3363,0.2349,0.4288,Sunday,True,3,False,True,730.0,6.15,0.9318,8.03,False,True,4.62,0.8964,9.25,False,True,,,,
1503960366,14727,9.71,0.0,3.21,0.57,5.92,41.0,15.0,277.0,798.0,2004,2016-05-02,19,False,333.0,56.0,True,0.3309,0.0588,0.6103,Monday,False,3,False,True,798.0,4.62,0.8964,9.25,False,True,4.55,0.9223,9.65,False,True,,,,
1503960366,15103,9.66,0.0,3.73,1.05,4.88,50.0,24.0,254.0,816.0,1990,2016-05-03,22,False,328.0,74.0,True,0.3861,0.1087,0.5052,Tuesday,False,4,False,True,816.0,4.55,0.9223,9.65,False,True,,,,,,,,,
1503960366,11100,7.15,0.0,2.46,0.87,3.82,36.0,22.0,203.0,1179.0,1819,2016-05-04,17,False,261.0,58.0,True,0.3441,0.1217,0.5343,Wednesday,False,4,False,False,,,,,,,4.12,0.9356,10.27,False,True,,,,
1503960366,14070,8.9,0.0,2.92,1.08,4.88,45.0,24.0,250.0,857.0,1959,2016-05-05,22,False,319.0,69.0,True,0.3288,0.1216,0.5495,Thursday,False,4,False,True,857.0,4.12,0.9356,10.27,False,True,5.57,0.9101,8.42,False,True,,,,
1503960366,12159,8.03,0.0,1.97,0.25,5.81,24.0,6.0,289.0,754.0,1896,2016-05-06,21,False,319.0,30.0,True,0.2453,0.0311,0.7235,Friday,False,4,False,True,754.0,5.57,0.9101,8.42,False,True,5.52,0.9484,8.68,False,True,,,,
1503960366,11992,7.71,0.0,2.46,2.12,3.13,37.0,46.0,175.0,833.0,1821,2016-05-07,18,False,258.0,83.0,True,0.3191,0.275,0.406,Saturday,True,4,False,True,833.0,5.52,0.9484,8.68,False,True,9.9,0.9722,7.53,False,True,,,,
1503960366,10060,6.58,0.0,3.53,0.32,2.73,44.0,8.0,203.0,574.0,1740,2016-05-08,15,False,255.0,52.0,True,0.5365,0.0486,0.4149,Sunday,True,4,False,True,574.0,9.9,0.9722,7.53,False,True,5.63,0.9883,6.58,False,True,,,,
1503960366,12022,7.72,0.0,3.45,0.53,3.74,46.0,11.0,206.0,835.0,1819,2016-05-09,17,False,263.0,57.0,True,0.4469,0.0687,0.4845,Monday,False,4,False,True,835.0,5.63,0.9883,6.58,False,True,6.38,0.9504,7.6,False,True,,,,
1503960366,12207,7.77,0.0,3.35,1.16,3.26,46.0,31.0,214.0,746.0,1859,2016-05-10,17,False,291.0,77.0,True,0.4311,0.1493,0.4196,Tuesday,False,5,False,True,746.0,6.38,0.9504,7.6,False,True,4.75,0.9314,9.13,False,True,,,,
1503960366,12770,8.13,0.0,2.56,1.01,4.55,36.0,23.0,251.0,669.0,1783,2016-05-11,18,False,310.0,59.0,True,0.3153,0.1244,0.5603,Wednesday,False,5,False,True,669.0,4.75,0.9314,9.13,False,True,,,,,,,,,
1624580081,8163,5.31,0.0,0.0,0.0,5.31,0.0,0.0,146.0,1294.0,1432,2016-04-12,14,False,146.0,0.0,False,0.0,0.0,1.0,Tuesday,False,1,False,False,,,,,,,,,,,,,,,
1624580081,7007,4.55,0.0,0.0,0.0,4.55,0.0,0.0,148.0,1292.0,1411,2016-04-13,12,False,148.0,0.0,False,0.0,0.0,1.0,Wednesday,False,1,False,False,,,,,,,,,,,,,,,
1624580081,9107,5.92,0.0,0.0,0.0,5.91,0.0,0.0,236.0,1204.0,1572,2016-04-14,12,False,236.0,0.0,False,0.0,0.0,1.0,Thursday,False,1,False,False,,,,,,,,,,,,,,,
1624580081,5370,3.49,0.0,0.0,0.0,3.49,0.0,0.0,176.0,1264.0,1463,2016-04-16,13,False,176.0,0.0,False,0.0,0.0,1.0,Saturday,True,1,False,False,,,,,,,,,,,,,,,
1624580081,6175,4.06,0.0,1.03,1.52,1.49,15.0,22.0,127.0,1276.0,1554,2016-04-17,14,False,164.0,37.0,False,0.255,0.3762,0.3688,Sunday,True,1,False,False,,,,,,,,,,,,,,,
1624580081,10536,7.41,0.0,2.15,0.62,4.62,17.0,7.0,202.0,1214.0,1604,2016-04-18,17,False,226.0,24.0,True,0.2909,0.0839,0.6252,Monday,False,1,False,False,,,,,,,,,,,,,,,
1624580081,2916,1.9,0.0,0.0,0.0,1.9,0.0,0.0,141.0,1299.0,1435,2016-04-19,13,False,141.0,0.0,False,0.0,0.0,1.0,Tuesday,False,2,False,False,,,,,,,,,,,,,,,
1624580081,4974,3.23,0.0,0.0,0.0,3.23,0.0,0.0,151.0,1289.0,1446,2016-04-20,15,False,151.0,0.0,False,0.0,0.0,1.0,Wednesday,False,2,False,False,,,,,,,,,,,,,,,
1624580081,6349,4.13,0.0,0.0,0.0,4.11,0.0,0.0,186.0,1254.0,1467,2016-04-21,15,False,186.0,0.0,False,0.0,0.0,1.0,Thursday,False,2,False,False,,,,,,,,,,,,,,,
1624580081,4026,2.62,0.0,0.0,0.0,2.6,0.0,0.0,199.0,1241.0,1470,2016-04-22,15,False,199.0,0.0,False,0.0,0.0,1.0,Friday,False,2,False,False,,,,,,,,,,,,,,,
1624580081,8538,5.55,0.0,0.0,0.0,5.54,0.0,0.0,227.0,1213.0,1562,2016-04-23,15,False,227.0,0.0,False,0.0,0.0,1.0,Saturday,True,2,False,False,,,,,,,,,,,,,,,
1624580081,6076,3.95,0.0,1.15,0.91,1.89,16.0,18.0,185.0,1221.0,1617,2016-04-24,15,False,219.0,34.0,False,0.2911,0.2304,0.4785,Sunday,True,2,False,False,,,,,,,,,,,,,,,
1624580081,6497,4.22,0.0,0.0,0.0,4.2,0.0,0.0,202.0,1238.0,1492,2016-04-25,16,False,202.0,0.0,False,0.0,0.0,1.0,Monday,False,2,False,False,,,,,,,,,,,,,,,
1624580081,2826,1.84,0.0,0.0,0.0,1.83,0.0,0.0,140.0,1300.0,1402,2016-04-26,13,False,140.0,0.0,False,0.0,0.0,1.0,Tuesday,False,3,False,False,,,,,,,,,,,,,,,
1624580081,8367,5.44,0.0,1.11,1.87,2.46,17.0,36.0,154.0,1233.0,1670,2016-04-27,15,False,207.0,53.0,False,0.204,0.3438,0.4522,Wednesday,False,3,False,False,,,,,,,,,,,,,,,
1624580081,2759,1.79,0.0,0.0,0.2,1.6,0.0,5.0,115.0,1320.0,1401,2016-04-28,11,False,120.0,5.0,False,0.0,0.1111,0.8889,Thursday,False,3,False,False,,,,,,,,,,,,,,,
1624580081,2390,1.55,0.0,0.0,0.0,1.55,0.0,0.0,150.0,1290.0,1404,2016-04-29,12,False,150.0,0.0,False,0.0,0.0,1.0,Friday,False,3,False,False,,,,,,,,,,,,,,,
1624580081,6474,4.3,0.0,0.9,1.28,2.12,11.0,23.0,224.0,1182.0,1655,2016-04-30,15,False,258.0,34.0,False,0.2093,0.2977,0.493,Saturday,True,3,False,False,,,,,,,,,,,,,,,
1624580081,36019,28.03,0.0,21.92,4.19,1.91,186.0,63.0,171.0,1020.0,2690,2016-05-01,19,False,420.0,249.0,True,0.7823,0.1495,0.0682,Sunday,True,3,False,False,,,,,,,,,,,,,,,
1624580081,7155,4.93,0.0,0.86,0.59,3.47,7.0,6.0,166.0,1261.0,1497,2016-05-02,15,False,179.0,13.0,False,0.1748,0.1199,0.7053,Monday,False,3,False,False,,,,,,,,,,,,,,,
1624580081,2100,1.37,0.0,0.0,0.0,1.34,0.0,0.0,96.0,1344.0,1334,2016-05-03,11,False,96.0,0.0,False,0.0,0.0,1.0,Tuesday,False,4,False,False,,,,,,,,,,,,,,,
1624580081,2193,1.43,0.0,0.0,0.0,1.42,0.0,0.0,118.0,1322.0,1368,2016-05-04,14,False,118.0,0.0,False,0.0,0.0,1.0,Wednesday,False,4,False,False,,,,,,,,,,,,,,,
1624580081,2470,1.61,0.0,0.0,0.0,1.58,0.0,0.0,117.0,1323.0,1370,2016-05-05,14,False,117.0,0.0,False,0.0,0.0,1.0,Thursday,False,4,False,False,,,,,,,,,,,,,,,
1624580081,1727,1.12,0.0,0.0,0.0,1.12,0.0,0.0,102.0,1338.0,1341,2016-05-06,13,False,102.0,0.0,False,0.0,0.0,1.0,Friday,False,4,False,False,,,,,,,,,,,,,,,
1624580081,2104,1.37,0.0,0.0,0.0,1.37,0.0,0.0,182.0,1258.0,1474,2016-05-07,13,False,182.0,0.0,False,0.0,0.0,1.0,Saturday,True,4,False,False,,,,,,,,,,,,,,,
1624580081,3427,2.23,0.0,0.0,0.0,2.22,0.0,0.0,152.0,1288.0,1427,2016-05-08,16,False,152.0,0.0,False,0.0,0.0,1.0,Sunday,True,4,False,False,,,,,,,,,,,,,,,
1624580081,1732,1.13,0.0,0.0,0.0,1.13,0.0,0.0,91.0,1349.0,1328,2016-05-09,12,False,91.0,0.0,False,0.0,0.0,1.0,Monday,False,4,False,False,,,,,,,,,,,,,,,
1624580081,2969,1.93,0.0,0.0,0.0,1.92,0.0,0.0,139.0,1301.0,1393,2016-05-10,13,False,139.0,0.0,False,0.0,0.0,1.0,Tuesday,False,5,False,False,,,,,,,,,,,,,,,
1624580081,3134,2.04,0.0,0.0,0.0,2.04,0.0,0.0,112.0,1328.0,1359,2016-05-11,11,False,112.0,0.0,False,0.0,0.0,1.0,Wednesday,False,5,False,False,,,,,,,,,,,,,,,
1644430081,10694,7.77,0.0,0.14,2.3,5.33,2.0,51.0,256.0,1131.0,3199,2016-04-12,18,False,309.0,53.0,True,0.018,0.296,0.686,Tuesday,False,1,False,False,,,,,,,,,,,,,,,
1644430081,8001,5.82,0.0,2.28,0.9,2.64,30.0,16.0,135.0,1259.0,2902,2016-04-13,13,False,181.0,46.0,False,0.3918,0.1546,0.4536,Wednesday,False,1,False,False,,,,,,,,,,,,,,,
1644430081,11037,8.02,0.0,0.36,2.56,5.1,5.0,58.0,252.0,1125.0,3226,2016-04-14,16,False,315.0,63.0,True,0.0449,0.3192,0.6359,Thursday,False,1,False,False,,,,,,,,,,,,,,,
1644430081,5263,3.83,0.0,0.22,0.15,3.45,3.0,4.0,170.0,1263.0,2750,2016-04-15,17,False,177.0,7.0,False,0.0576,0.0393,0.9031,Friday,False,1,False,False,,,,,,,,,,,,,,,
1644430081,15300,11.12,0.0,4.1,1.88,5.09,51.0,42.0,212.0,1135.0,3493,2016-04-16,13,False,305.0,93.0,True,0.3704,0.1698,0.4598,Saturday,True,1,False,False,,,,,,,,,,,,,,,
1644430081,8757,6.37,0.0,2.25,0.57,3.55,29.0,13.0,186.0,1212.0,3011,2016-04-17,14,False,228.0,42.0,False,0.3532,0.0895,0.5573,Sunday,True,1,False,False,,,,,,,,,,,,,,,
1644430081,7132,5.19,0.0,1.07,1.67,2.45,15.0,33.0,121.0,1271.0,2806,2016-04-18,15,False,169.0,48.0,False,0.2062,0.3218,0.4721,Monday,False,1,False,False,,,,,,,,,,,,,,,
1644430081,11256,8.18,0.0,0.36,2.53,5.3,5.0,58.0,278.0,1099.0,3300,2016-04-19,16,False,341.0,63.0,True,0.044,0.3089,0.6471,Tuesday,False,2,False,False,,,,,,,,,,,,,,,
1644430081,2436,1.77,0.0,0.0,0.0,1.76,0.0,0.0,125.0,1315.0,2430,2016-04-20,24,False,125.0,0.0,False,0.0,0.0,1.0,Wednesday,False,2,False,False,,,,,,,,,,,,,,,
1644430081,3673,2.67,0.0,0.0,0.0,2.66,0.0,0.0,86.0,1354.0,2344,2016-04-22,10,False,86.0,0.0,False,0.0,0.0,1.0,Friday,False,2,False,False,,,,,,,,,,,,,,,
1644430081,6637,4.83,0.0,0.0,0.58,4.25,0.0,15.0,160.0,1265.0,2677,2016-04-23,10,False,175.0,15.0,False,0.0,0.1201,0.8799,Saturday,True,2,False,False,,,,,,,,,,,,,,,
1644430081,3321,2.41,0.0,0.0,0.0,2.41,0.0,0.0,89.0,1351.0,2413,2016-04-24,14,False,89.0,0.0,False,0.0,0.0,1.0,Sunday,True,2,False,False,,,,,,,,,,,,,,,
1644430081,3580,2.6,0.0,0.59,0.06,1.95,8.0,1.0,94.0,1337.0,2497,2016-04-25,12,False,103.0,9.0,False,0.2269,0.0231,0.75,Monday,False,2,False,False,,,,,,,,,,,,,,,
1644430081,9919,7.21,0.0,0.8,1.72,4.69,11.0,41.0,223.0,1165.0,3123,2016-04-26,17,False,275.0,52.0,False,0.111,0.2386,0.6505,Tuesday,False,3,False,False,,,,,,,,,,,,,,,
1644430081,3032,2.2,0.0,0.0,0.0,2.2,0.0,0.0,118.0,1322.0,2489,2016-04-27,13,False,118.0,0.0,False,0.0,0.0,1.0,Wednesday,False,3,False,False,,,,,,,,,,,,,,,
1644430081,9405,6.84,0.0,0.2,2.32,4.31,3.0,53.0,227.0,1157.0,3108,2016-04-28,15,False,283.0,56.0,False,0.0293,0.3397,0.631,Thursday,False,3,False,False,,,,,,,,,,True,False,,,,
1644430081,3176,2.31,0.0,0.0,0.0,2.31,0.0,0.0,120.0,1193.0,2498,2016-04-29,13,False,120.0,0.0,False,0.0,0.0,1.0,Friday,False,3,False,False,,,,,True,False,,,,True,False,,,,
1644430081,18213,13.24,0.0,0.63,3.14,9.46,9.0,71.0,402.0,816.0,3846,2016-04-30,15,False,482.0,80.0,True,0.0476,0.2373,0.715,Saturday,True,3,False,False,,,,,True,False,,,,,,,,,
1644430081,3758,2.73,0.0,0.07,0.31,2.35,1.0,7.0,148.0,682.0,2580,2016-05-02,10,False,156.0,8.0,False,0.0256,0.1136,0.8608,Monday,False,3,False,False,,13.27,0.8283,0.02,False,False,,,,,,,,,
1644430081,12850,9.34,0.0,0.72,4.09,4.54,10.0,94.0,221.0,1115.0,3324,2016-05-03,17,False,325.0,104.0,True,0.077,0.4374,0.4856,Tuesday,False,4,False,False,,,,,,,,,,,,,,,
1644430081,4363,3.19,0.0,0.52,0.54,2.13,6.0,12.0,81.0,1341.0,2463,2016-05-05,10,False,99.0,18.0,False,0.163,0.1693,0.6677,Thursday,False,4,False,False,,,,,,,,,,,,,,,
1644430081,9787,7.12,0.0,0.82,0.27,6.01,11.0,6.0,369.0,1054.0,3328,2016-05-06,24,False,386.0,17.0,False,0.1155,0.038,0.8465,Friday,False,4,False,False,,,,,,,,,,,,,,,
1644430081,13372,9.72,0.0,3.26,0.79,5.67,41.0,17.0,243.0,1139.0,3404,2016-05-07,17,False,301.0,58.0,True,0.3354,0.0813,0.5833,Saturday,True,4,False,False,,,,,,,,,,True,False,,,,
1644430081,6724,4.89,0.0,0.0,0.0,4.88,0.0,0.0,295.0,991.0,2987,2016-05-08,24,False,295.0,0.0,False,0.0,0.0,1.0,Sunday,True,4,False,False,,,,,True,False,,,,,,,,,
1644430081,6643,4.83,0.0,2.39,0.35,2.09,32.0,6.0,303.0,1099.0,3008,2016-05-09,23,False,341.0,38.0,False,0.4948,0.0725,0.4327,Monday,False,4,False,False,,,,,,,,,,,,,,,
1644430081,9167,6.66,0.0,0.88,0.81,4.97,12.0,19.0,155.0,1254.0,2799,2016-05-10,11,False,186.0,31.0,False,0.1321,0.1216,0.7462,Tuesday,False,5,False,False,,,,,,,,,,,,,,,
1844505072,6697,4.43,0.0,0.0,0.0,4.43,0.0,0.0,339.0,1101.0,2030,2016-04-12,16,False,339.0,0.0,False,0.0,0.0,1.0,Tuesday,False,1,False,False,,,,,,,,,,,,,,,
1844505072,4929,3.26,0.0,0.0,0.0,3.26,0.0,0.0,248.0,1192.0,1860,2016-04-13,14,False,248.0,0.0,False,0.0,0.0,1.0,Wednesday,False,1,False,False,,,,,,,,,,,,,,,
1844505072,7937,5.25,0.0,0.0,0.0,5.23,0.0,0.0,373.0,843.0,2130,2016-04-14,19,False,373.0,0.0,False,0.0,0.0,1.0,Thursday,False,1,False,False,,,,,,,10.73,0.6701,2.27,False,False,,,,
1844505072,3844,2.54,0.0,0.0,0.0,2.54,0.0,0.0,176.0,527.0,1725,2016-04-15,12,False,176.0,0.0,False,0.0,0.0,1.0,Friday,False,1,False,False,,10.73,0.6701,2.27,False,False,,,,,,,,,
1844505072,4525,2.99,0.0,0.14,0.26,2.59,2.0,8.0,199.0,1231.0,1793,2016-04-17,10,False,209.0,10.0,False,0.0468,0.087,0.8662,Sunday,True,1,False,False,,,,,,,,,,,,,,,
1844505072,4597,3.04,0.0,0.0,0.48,2.56,0.0,12.0,217.0,1211.0,1814,2016-04-18,15,False,229.0,12.0,False,0.0,0.1579,0.8421,Monday,False,1,False,False,,,,,,,,,,,,,,,
1844505072,8054,5.32,0.0,0.12,0.52,4.68,2.0,13.0,308.0,1117.0,2062,2016-04-21,15,False,323.0,15.0,False,0.0226,0.0977,0.8797,Thursday,False,2,False,False,,,,,,,,,,,,,,,
1844505072,5372,3.55,0.0,0.0,0.0,3.55,0.0,0.0,220.0,1220.0,1827,2016-04-22,12,False,220.0,0.0,False,0.0,0.0,1.0,Friday,False,2,False,False,,,,,,,,,,,,,,,
1844505072,6907,4.57,0.0,0.0,0.0,4.56,0.0,0.0,302.0,1138.0,1992,2016-04-28,14,False,302.0,0.0,False,0.0,0.0,1.0,Thursday,False,3,False,False,,,,,,,,,,,,,,,
1844505072,4920,3.25,0.0,0.0,0.0,3.25,0.0,0.0,247.0,1082.0,1856,2016-04-29,16,False,247.0,0.0,False,0.0,0.0,1.0,Friday,False,3,False,False,,,,,,,12.03,0.7513,4.15,False,False,,,,
1844505072,4014,2.67,0.0,0.0,0.0,2.65,0.0,0.0,184.0,218.0,1763,2016-04-30,13,False,184.0,0.0,False,0.0,0.0,1.0,Saturday,True,3,False,False,,12.03,0.7513,4.15,False,False,9.83,0.6139,2.87,False,False,,,,
1844505072,4059,2.68,0.0,0.0,0.0,2.68,0.0,0.0,184.0,1256.0,1742,2016-05-03,14,False,184.0,0.0,False,0.0,0.0,1.0,Tuesday,False,4,False,False,,,,,,,,,,,,,,,
1927972279,678,0.47,0.0,0.0,0.0,0.47,0.0,0.0,55.0,734.0,2220,2016-04-12,12,False,55.0,0.0,False,0.0,0.0,1.0,Tuesday,False,1,False,True,734.0,10.1,0.9743,3.93,True,True,6.63,0.9431,8.38,False,True,,,,
1927972279,2163,1.5,0.0,0.0,0.4,1.1,0.0,9.0,88.0,1292.0,2383,2016-04-14,10,False,97.0,9.0,False,0.0,0.2667,0.7333,Thursday,False,1,False,False,,,,,,,7.92,0.9519,5.15,False,True,,,,
1927972279,2945,2.04,0.0,0.0,0.0,2.04,0.0,0.0,145.0,1295.0,2499,2016-04-23,12,False,145.0,0.0,False,0.0,0.0,1.0,Saturday,True,2,False,False,,,,,,,,,,,,,,,
1927972279,3761,2.6,0.0,0.0,0.0,2.6,0.0,0.0,192.0,1058.0,2638,2016-04-26,18,False,192.0,0.0,False,0.0,0.0,1.0,Tuesday,False,3,False,True,1058.0,4.93,0.9397,3.92,False,True,,,,,,,,,
1927972279,1675,1.16,0.0,0.0,0.0,1.16,0.0,0.0,95.0,1167.0,2351,2016-04-28,13,False,95.0,0.0,False,0.0,0.0,1.0,Thursday,False,3,False,False,,,,,True,False,,,,,,,,,
1927972279,2704,1.87,0.0,1.01,0.03,0.83,14.0,1.0,70.0,1355.0,2411,2016-05-01,13,False,85.0,15.0,False,0.5401,0.016,0.4439,Sunday,True,3,False,False,,,,,,,,,,,,,,,
1927972279,1786,1.24,0.0,0.0,0.0,1.24,0.0,0.0,87.0,1353.0,2338,2016-05-04,11,False,87.0,0.0,False,0.0,0.0,1.0,Wednesday,False,4,False,False,,,,,,,,,,,,,,,
2022484408,11875,8.34,0.0,3.31,0.77,4.26,42.0,14.0,227.0,1157.0,2390,2016-04-12,13,False,283.0,56.0,True,0.3969,0.0923,0.5108,Tuesday,False,1,False,False,,,,,,,,,,,,75.8,58.0,120.0,65.0
2022484408,12024,8.5,0.0,2.99,0.1,5.41,43.0,5.0,292.0,1100.0,2601,2016-04-13,14,False,340.0,48.0,True,0.3518,0.0118,0.6365,Wednesday,False,1,False,False,,,,,,,,,,,,80.3,59.0,133.0,86.0
2022484408,10690,7.5,0.0,2.48,0.21,4.82,32.0,3.0,257.0,1148.0,2312,2016-04-14,14,False,292.0,35.0,True,0.3302,0.028,0.6418,Thursday,False,1,False,False,,,,,,,,,,,,72.6,55.0,110.0,22.0
2022484408,11034,8.03,0.0,1.94,0.31,5.78,27.0,9.0,282.0,1122.0,2525,2016-04-15,13,False,318.0,36.0,True,0.2416,0.0386,0.7198,Friday,False,1,False,False,,,,,,,,,,,,80.4,61.0,143.0,58.0
2022484408,15112,11.4,0.0,3.87,0.66,6.88,28.0,29.0,331.0,1052.0,2782,2016-04-17,13,False,388.0,57.0,True,0.3392,0.0578,0.603,Sunday,True,1,False,False,,,,,,,,,,,,83.9,63.0,155.0,86.0
2022484408,14131,10.07,0.0,3.64,0.12,6.3,48.0,3.0,311.0,1078.0,2770,2016-04-18,15,False,362.0,51.0,True,0.3618,0.0119,0.6262,Monday,False,1,False,False,,,,,,,,,,,,82.7,62.0,147.0,90.0
2022484408,11548,8.53,0.0,3.29,0.24,5.0,31.0,7.0,250.0,1152.0,2489,2016-04-19,11,False,288.0,38.0,True,0.3857,0.0281,0.5862,Tuesday,False,2,False,False,,,,,,,,,,,,82.0,61.0,155.0,67.0
2022484408,15112,10.67,0.0,3.34,1.93,5.4,48.0,63.0,276.0,1053.0,2897,2016-04-20,15,False,387.0,111.0,True,0.313,0.1809,0.5061,Wednesday,False,2,False,False,,,,,,,,,,,,83.4,63.0,146.6,123.0
2022484408,12453,8.74,0.0,3.33,1.11,4.31,104.0,53.0,255.0,1028.0,3158,2016-04-21,14,False,412.0,157.0,True,0.3806,0.1269,0.4926,Thursday,False,2,False,False,,,,,,,,,,,,86.4,58.0,182.1,182.0
2022484408,12954,9.33,0.0,4.43,0.42,4.47,52.0,10.0,273.0,1105.0,2638,2016-04-22,15,False,335.0,62.0,True,0.4753,0.0451,0.4796,Friday,False,2,False,False,,,,,,,,,,,,80.1,59.0,138.0,84.0
2022484408,6001,4.21,0.0,0.0,0.0,4.21,0.0,0.0,249.0,1191.0,2069,2016-04-23,11,False,249.0,0.0,False,0.0,0.0,1.0,Saturday,True,2,False,False,,,,,,,,,,,,71.8,56.0,100.0,5.0
2022484408,13481,10.28,0.0,4.55,1.15,4.58,37.0,26.0,216.0,1161.0,2529,2016-04-24,11,False,279.0,63.0,True,0.4426,0.1119,0.4455,Sunday,True,2,False,False,,,,,,,,,,,,82.4,63.0,158.0,66.0
2022484408,11369,8.01,0.0,3.33,0.22,4.46,44.0,8.0,217.0,1171.0,2470,2016-04-25,12,False,269.0,52.0,True,0.4157,0.0275,0.5568,Monday,False,2,False,False,,,,,,,,,,,,,,,
2022484408,10119,7.19,0.0,1.43,0.66,5.11,55.0,24.0,275.0,1086.0,2793,2016-04-26,14,False,354.0,79.0,True,0.1986,0.0917,0.7097,Tuesday,False,3,False,False,,,,,,,,,,,,83.3,58.0,145.0,124.0
2022484408,10159,7.13,0.0,1.04,0.97,5.12,19.0,20.0,282.0,1119.0,2463,2016-04-27,11,False,321.0,39.0,True,0.1459,0.136,0.7181,Wednesday,False,3,False,False,,,,,,,,,,,,80.9,59.0,122.0,65.0
2022484408,10140,7.12,0.0,0.41,1.33,5.39,6.0,20.0,291.0,1123.0,2296,2016-04-28,14,False,317.0,26.0,True,0.0575,0.1865,0.756,Thursday,False,3,False,False,,,,,,,,,,,,71.3,58.0,102.0,9.0
2022484408,10245,7.19,0.0,0.48,1.21,5.5,21.0,40.0,281.0,1098.0,2611,2016-04-29,12,False,342.0,61.0,True,0.0668,0.1683,0.765,Friday,False,3,False,False,,,,,,,,,,,,83.4,58.0,126.0,102.0
2022484408,18387,12.91,0.0,0.94,1.4,10.57,13.0,23.0,361.0,1043.0,2732,2016-04-30,15,False,397.0,36.0,True,0.0728,0.1084,0.8187,Saturday,True,3,False,False,,,,,,,,,,,,77.5,61.0,107.0,20.0
2022484408,10538,7.4,0.0,1.94,0.96,4.5,25.0,28.0,245.0,1142.0,2380,2016-05-01,14,False,298.0,53.0,True,0.2622,0.1297,0.6081,Sunday,True,3,False,False,,,,,,,,,,,,73.5,50.0,111.0,63.0
2022484408,10379,7.29,0.0,2.61,0.34,4.33,36.0,8.0,277.0,1119.0,2473,2016-05-02,13,False,321.0,44.0,True,0.3585,0.0467,0.5948,Monday,False,3,False,False,,,,,,,,,,,,77.2,55.0,116.0,69.0
2022484408,12183,8.74,0.0,3.99,0.46,4.28,72.0,14.0,250.0,1104.0,2752,2016-05-03,15,False,336.0,86.0,True,0.457,0.0527,0.4903,Tuesday,False,4,False,False,,,,,,,,,,,,83.0,60.0,141.0,106.0
2022484408,11768,8.29,0.0,2.51,0.93,4.85,36.0,27.0,272.0,1105.0,2649,2016-05-04,15,False,335.0,63.0,True,0.3028,0.1122,0.585,Wednesday,False,4,False,False,,,,,,,,,,,,82.8,64.0,127.0,98.0
2022484408,11895,8.35,0.0,2.79,0.86,4.7,55.0,20.0,253.0,1112.0,2609,2016-05-05,13,False,328.0,75.0,True,0.3341,0.103,0.5629,Thursday,False,4,False,False,,,,,,,,,,,,80.7,64.0,144.0,70.0
2022484408,10227,7.18,0.0,1.87,0.67,4.64,24.0,17.0,295.0,1104.0,2498,2016-05-06,13,False,336.0,41.0,True,0.2604,0.0933,0.6462,Friday,False,4,False,False,,,,,,,,,,,,81.7,65.0,111.0,58.0
2022484408,13379,9.39,0.0,2.12,1.63,5.64,35.0,47.0,297.0,1061.0,2709,2016-05-09,15,False,379.0,82.0,True,0.2258,0.1736,0.6006,Monday,False,4,False,False,,,,,,,,,,,,81.5,63.0,122.0,91.0
2022484408,12798,8.98,0.0,2.22,1.21,5.56,57.0,28.0,271.0,1084.0,2797,2016-05-10,12,False,356.0,85.0,True,0.2469,0.1346,0.6185,Tuesday,False,5,False,False,,,,,,,,,,,,86.6,65.0,154.0,87.0
2022484408,13272,9.32,0.0,4.18,1.15,3.99,58.0,25.0,224.0,1133.0,2544,2016-05-11,11,False,307.0,83.0,True,0.4485,0.1234,0.4281,Wednesday,False,5,False,False,,,,,,,,,,,,,,,
2026352035,4414,2.74,0.0,0.19,0.35,2.2,3.0,8.0,181.0,706.0,1459,2016-04-12,17,False,192.0,11.0,False,0.0693,0.1277,0.8029,Tuesday,False,1,False,True,706.0,8.38,0.9212,2.8,False,True,8.85,0.9398,2.87,False,True,,,,
2026352035,4993,3.1,0.0,0.0,0.0,3.1,0.0,0.0,238.0,663.0,1521,2016-04-13,20,False,238.0,0.0,False,0.0,0.0,1.0,Wednesday,False,1,False,True,663.0,8.85,0.9398,2.87,False,True,9.08,0.9595,3.3,False,True,,,,
2026352035,3335,2.07,0.0,0.0,0.0,2.05,0.0,0.0,197.0,653.0,1431,2016-04-14,17,False,197.0,0.0,False,0.0,0.0,1.0,Thursday,False,1,False,True,653.0,9.08,0.9595,3.3,False,True,8.72,0.9127,2.93,False,True,,,,
2026352035,3821,2.37,0.0,0.0,0.0,2.37,0.0,0.0,188.0,687.0,1444,2016-04-15,21,False,188.0,0.0,False,0.0,0.0,1.0,Friday,False,1,False,True,687.0,8.72,0.9127,2.93,False,True,8.73,0.9242,3.07,False,True,,,,
2026352035,2547,1.58,0.0,0.0,0.0,1.58,0.0,0.0,150.0,728.0,1373,2016-04-16,21,False,150.0,0.0,False,0.0,0.0,1.0,Saturday,True,1,False,True,728.0,8.73,0.9242,3.07,False,True,7.28,0.8775,3.15,False,True,,,,
2026352035,3325,2.06,0.0,0.0,0.0,2.06,0.0,0.0,182.0,1062.0,1419,2016-04-18,18,False,182.0,0.0,False,0.0,0.0,1.0,Monday,False,1,False,False,,,,,,,8.3,0.9222,2.73,False,True,,,,
2026352035,2424,1.5,0.0,0.0,0.0,1.5,0.0,0.0,141.0,785.0,1356,2016-04-19,18,False,141.0,0.0,False,0.0,0.0,1.0,Tuesday,False,2,False,True,785.0,8.3,0.9222,2.73,False,True,7.68,0.9039,3.17,False,True,,,,
2026352035,7222,4.48,0.0,0.0,0.0,4.48,0.0,0.0,327.0,623.0,1667,2016-04-20,21,False,327.0,0.0,False,0.0,0.0,1.0,Wednesday,False,2,False,True,623.0,7.68,0.9039,3.17,False,True,7.95,0.928,3.5,False,True,,,,
2026352035,2467,1.53,0.0,0.0,0.0,1.53,0.0,0.0,153.0,749.0,1370,2016-04-21,19,False,153.0,0.0,False,0.0,0.0,1.0,Thursday,False,2,False,True,749.0,7.95,0.928,3.5,False,True,8.67,0.9541,3.1,False,True,,,,
2026352035,2915,1.81,0.0,0.0,0.0,1.81,0.0,0.0,162.0,712.0,1399,2016-04-22,17,False,162.0,0.0,False,0.0,0.0,1.0,Friday,False,2,False,True,712.0,8.67,0.9541,3.1,False,True,8.7,0.9422,2.75,False,True,,,,
2026352035,12357,7.71,0.0,0.0,0.0,7.71,0.0,0.0,432.0,458.0,1916,2016-04-23,18,False,432.0,0.0,True,0.0,0.0,1.0,Saturday,True,2,False,True,458.0,8.7,0.9422,2.75,False,True,9.25,0.9391,2.82,False,True,,,,
2026352035,3490,2.16,0.0,0.0,0.0,2.16,0.0,0.0,164.0,704.0,1401,2016-04-24,18,False,164.0,0.0,False,0.0,0.0,1.0,Sunday,True,2,False,True,704.0,9.25,0.9391,2.82,False,True,8.43,0.9529,3.13,False,True,,,,
2026352035,6017,3.73,0.0,0.0,0.0,3.73,0.0,0.0,260.0,821.0,1576,2016-04-25,11,False,260.0,0.0,False,0.0,0.0,1.0,Monday,False,2,False,True,821.0,8.43,0.9529,3.13,False,True,,,,,,,,,
2026352035,5933,3.68,0.0,0.0,0.0,3.68,0.0,0.0,288.0,1018.0,1595,2016-04-26,18,False,288.0,0.0,False,0.0,0.0,1.0,Tuesday,False,3,False,False,,,,,,,8.47,0.9321,3.77,False,True,,,,
2026352035,6088,3.77,0.0,0.0,0.0,3.77,0.0,0.0,286.0,586.0,1593,2016-04-27,21,False,286.0,0.0,False,0.0,0.0,1.0,Wednesday,False,3,False,True,586.0,8.47,0.9321,3.77,False,True,8.55,0.9413,3.38,False,True,,,,
2026352035,6375,3.95,0.0,0.0,0.0,3.95,0.0,0.0,331.0,626.0,1649,2016-04-28,20,False,331.0,0.0,False,0.0,0.0,1.0,Thursday,False,3,False,True,626.0,8.55,0.9413,3.38,False,True,8.17,0.9608,4.42,False,True,,,,
2026352035,7604,4.71,0.0,0.0,0.0,4.71,0.0,0.0,352.0,492.0,1692,2016-04-29,19,False,352.0,0.0,False,0.0,0.0,1.0,Friday,False,3,False,True,492.0,8.17,0.9608,4.42,False,True,9.55,0.944,2.98,False,True,,,,
2026352035,4729,2.93,0.0,0.0,0.0,2.93,0.0,0.0,233.0,594.0,1506,2016-04-30,15,False,233.0,0.0,False,0.0,0.0,1.0,Saturday,True,3,False,True,594.0,9.55,0.944,2.98,False,True,8.78,0.9652,2.88,False,True,,,,
2026352035,3609,2.28,0.0,0.0,0.0,2.28,0.0,0.0,191.0,716.0,1447,2016-05-01,18,False,191.0,0.0,False,0.0,0.0,1.0,Sunday,True,3,False,True,716.0,8.78,0.9652,2.88,False,True,8.52,0.9411,3.1,False,True,,,,
2026352035,7018,4.35,0.0,0.0,0.0,4.35,0.0,0.0,355.0,716.0,1690,2016-05-02,18,False,355.0,0.0,False,0.0,0.0,1.0,Monday,False,3,False,True,716.0,8.52,0.9411,3.1,False,True,,,,,,,,,
2026352035,5992,3.72,0.0,0.0,0.0,3.72,0.0,0.0,304.0,981.0,1604,2016-05-03,16,False,304.0,0.0,False,0.0,0.0,1.0,Tuesday,False,4,False,False,,,,,,,8.97,0.9607,3.42,False,True,,,,
2026352035,6564,4.07,0.0,0.0,0.0,4.07,0.0,0.0,345.0,530.0,1658,2016-05-04,20,False,345.0,0.0,False,0.0,0.0,1.0,Wednesday,False,4,False,True,530.0,8.97,0.9607,3.42,False,True,7.8,0.9649,3.35,False,True,,,,
2026352035,12167,7.54,0.0,0.0,0.0,7.54,0.0,0.0,475.0,479.0,1926,2016-05-05,19,False,475.0,0.0,True,0.0,0.0,1.0,Thursday,False,4,False,True,479.0,7.8,0.9649,3.35,False,True,8.73,0.9562,3.33,False,True,,,,
2026352035,8198,5.08,0.0,0.0,0.0,5.08,0.0,0.0,383.0,511.0,1736,2016-05-06,18,False,383.0,0.0,False,0.0,0.0,1.0,Friday,False,4,False,True,511.0,8.73,0.9562,3.33,False,True,8.52,0.9808,3.37,False,True,,,,
2026352035,4193,2.6,0.0,0.0,0.0,2.6,0.0,0.0,229.0,665.0,1491,2016-05-07,18,False,229.0,0.0,False,0.0,0.0,1.0,Saturday,True,4,False,True,665.0,8.52,0.9808,3.37,False,True,9.02,0.9525,2.97,False,True,,,,
2026352035,5528,3.45,0.0,0.0,0.0,3.45,0.0,0.0,258.0,610.0,1555,2016-05-08,18,False,258.0,0.0,False,0.0,0.0,1.0,Sunday,True,4,False,True,610.0,9.02,0.9525,2.97,False,True,8.85,0.955,2.9,False,True,,,,
2026352035,10685,6.62,0.0,0.0,0.0,6.6,0.0,0.0,401.0,543.0,1869,2016-05-09,18,False,401.0,0.0,True,0.0,0.0,1.0,Monday,False,4,False,True,543.0,8.85,0.955,2.9,False,True,5.95,0.9395,3.9,False,True,,,,
2026352035,8580,5.32,0.0,0.0,0.0,5.32,0.0,0.0,330.0,569.0,1698,2016-05-11,20,False,330.0,0.0,False,0.0,0.0,1.0,Wednesday,False,5,False,True,569.0,8.72,0.9458,3.22,False,True,7.6,0.9402,3.42,False,True,,,,
2320127002,10725,7.49,0.0,1.17,0.31,6.01,13.0,9.0,306.0,1112.0,2124,2016-04-12,17,False,328.0,22.0,True,0.1562,0.0414,0.8024,Tuesday,False,1,False,False,,,,,,,,,,,,,,,
2320127002,7275,4.9,0.0,0.0,0.0,4.9,0.0,0.0,335.0,1105.0,2003,2016-04-13,24,False,335.0,0.0,False,0.0,0.0,1.0,Wednesday,False,1,False,False,,,,,,,,,,,,,,,
2320127002,3973,2.68,0.0,0.0,0.0,2.68,0.0,0.0,191.0,1249.0,1696,2016-04-14,14,False,191.0,0.0,False,0.0,0.0,1.0,Thursday,False,1,False,False,,,,,,,,,,,,,,,
2320127002,5205,3.51,0.0,0.0,0.0,3.51,0.0,0.0,245.0,1195.0,1801,2016-04-15,15,False,245.0,0.0,False,0.0,0.0,1.0,Friday,False,1,False,False,,,,,,,,,,,,,,,
2320127002,5057,3.41,0.0,0.0,0.0,3.4,0.0,0.0,195.0,1245.0,1724,2016-04-16,12,False,195.0,0.0,False,0.0,0.0,1.0,Saturday,True,1,False,False,,,,,,,,,,,,,,,
2320127002,6198,4.18,0.0,0.0,0.0,4.18,0.0,0.0,249.0,1191.0,1852,2016-04-17,16,False,249.0,0.0,False,0.0,0.0,1.0,Sunday,True,1,False,False,,,,,,,,,,,,,,,
2320127002,6559,4.42,0.0,0.0,0.26,4.14,0.0,7.0,260.0,1173.0,1905,2016-04-18,18,False,267.0,7.0,False,0.0,0.0591,0.9409,Monday,False,1,False,False,,,,,,,,,,,,,,,
2320127002,5997,4.04,0.0,0.0,0.38,3.66,0.0,11.0,228.0,1201.0,1811,2016-04-19,12,False,239.0,11.0,False,0.0,0.0941,0.9059,Tuesday,False,2,False,False,,,,,,,,,,,,,,,
2320127002,7192,4.85,0.0,0.0,0.49,4.34,0.0,11.0,283.0,1146.0,1922,2016-04-20,13,False,294.0,11.0,False,0.0,0.1014,0.8986,Wednesday,False,2,False,False,,,,,,,,,,,,,,,
2320127002,5583,3.76,0.0,0.0,0.0,3.76,0.0,0.0,266.0,1174.0,1851,2016-04-22,17,False,266.0,0.0,False,0.0,0.0,1.0,Friday,False,2,False,False,,,,,,,1.02,0.8841,2.17,False,False,,,,
2320127002,5079,3.42,0.0,0.0,0.0,3.42,0.0,0.0,242.0,1129.0,1804,2016-04-23,16,False,242.0,0.0,False,0.0,0.0,1.0,Saturday,True,2,False,False,,1.02,0.8841,2.17,False,False,,,,,,,,,
2320127002,4165,2.81,0.0,0.0,0.0,2.8,0.0,0.0,204.0,1236.0,1725,2016-04-24,12,False,204.0,0.0,False,0.0,0.0,1.0,Sunday,True,2,False,False,,,,,,,,,,,,,,,
2320127002,3588,2.42,0.0,0.23,0.2,1.99,3.0,5.0,152.0,1280.0,1654,2016-04-25,11,False,160.0,8.0,False,0.095,0.0826,0.8223,Monday,False,2,False,False,,,,,,,,,,,,,,,
2320127002,3409,2.3,0.0,0.0,0.0,2.3,0.0,0.0,147.0,1293.0,1632,2016-04-26,10,False,147.0,0.0,False,0.0,0.0,1.0,Tuesday,False,3,False,False,,,,,,,,,,,,,,,
2320127002,4571,3.08,0.0,0.0,0.0,3.07,0.0,0.0,234.0,1206.0,1779,2016-04-30,15,False,234.0,0.0,False,0.0,0.0,1.0,Saturday,True,3,False,False,,,,,,,,,,,,,,,
2320127002,7443,5.02,0.0,1.49,0.37,3.16,20.0,10.0,206.0,1204.0,1878,2016-05-03,11,False,236.0,30.0,False,0.2968,0.0737,0.6295,Tuesday,False,4,False,False,,,,,,,,,,,,,,,
2320127002,5202,3.51,0.0,0.0,0.39,3.11,0.0,11.0,223.0,1206.0,1780,2016-05-05,14,False,234.0,11.0,False,0.0,0.1114,0.8886,Thursday,False,4,False,False,,,,,,,,,,,,,,,
2320127002,4878,3.29,0.0,0.0,0.0,3.29,0.0,0.0,204.0,1236.0,1742,2016-05-06,12,False,204.0,0.0,False,0.0,0.0,1.0,Friday,False,4,False,False,,,,,,,,,,,,,,,
2320127002,7379,4.97,0.0,0.0,0.0,4.97,0.0,0.0,319.0,1121.0,1972,2016-05-07,17,False,319.0,0.0,False,0.0,0.0,1.0,Saturday,True,4,False,False,,,,,,,,,,,,,,,
2320127002,5161,3.48,0.0,0.0,0.0,3.47,0.0,0.0,247.0,1193.0,1821,2016-05-08,15,False,247.0,0.0,False,0.0,0.0,1.0,Sunday,True,4,False,False,,,,,,,,,,,,,,,
2320127002,3090,2.08,0.0,0.0,0.0,2.08,0.0,0.0,145.0,1295.0,1630,2016-05-09,11,False,145.0,0.0,False,0.0,0.0,1.0,Monday,False,4,False,False,,,,,,,,,,,,,,,
2320127002,6227,4.2,0.0,0.0,0.0,4.2,0.0,0.0,290.0,1150.0,1899,2016-05-10,16,False,290.0,0.0,False,0.0,0.0,1.0,Tuesday,False,5,False,False,,,,,,,,,,,,,,,
2320127002,6424,4.33,0.0,0.0,0.0,4.33,0.0,0.0,300.0,1140.0,1903,2016-05-11,15,False,300.0,0.0,False,0.0,0.0,1.0,Wednesday,False,5,False,False,,,,,,,,,,,,,,,
2347167796,10113,6.83,0.0,2.0,0.62,4.2,28.0,13.0,320.0,964.0,2344,2016-04-12,16,False,361.0,41.0,True,0.2933,0.0909,0.6158,Tuesday,False,1,False,False,,,,,,,7.78,0.8795,4.08,False,True,86.1,65.0,140.0,171.0
2347167796,10352,7.01,0.0,1.66,1.94,3.41,19.0,32.0,195.0,676.0,2038,2016-04-13,17,False,246.0,51.0,True,0.2368,0.2767,0.4864,Wednesday,False,1,False,True,676.0,7.78,0.8795,4.08,False,True,7.42,0.91,4.3,False,True,73.8,61.0,128.0,46.0
2347167796,10129,6.7,0.0,0.02,2.74,3.94,1.0,48.0,206.0,705.0,2010,2016-04-14,18,False,255.0,49.0,True,0.003,0.409,0.5881,Thursday,False,1,False,True,705.0,7.42,0.91,4.3,False,True,7.53,0.8968,4.45,False,True,72.6,61.0,104.0,17.0
2347167796,10465,6.92,0.0,0.07,1.42,5.43,1.0,24.0,284.0,720.0,2133,2016-04-15,18,False,309.0,25.0,True,0.0101,0.2052,0.7847,Friday,False,1,False,True,720.0,7.53,0.8968,4.45,False,True,,,,,,75.7,61.0,111.0,64.0
2347167796,22244,15.08,0.0,5.45,4.1,5.53,66.0,72.0,268.0,968.0,2670,2016-04-16,13,False,406.0,138.0,True,0.3614,0.2719,0.3667,Saturday,True,1,False,False,,,,,,,9.27,0.9236,4.9,False,True,96.6,67.0,156.0,149.0
2347167796,5472,3.62,0.0,0.08,0.28,3.26,1.0,7.0,249.0,508.0,1882,2016-04-17,16,False,257.0,8.0,False,0.0221,0.0773,0.9006,Sunday,True,1,False,True,508.0,9.27,0.9236,4.9,False,True,8.33,0.8977,3.68,False,True,75.4,63.0,104.0,10.0
2347167796,8247,5.45,0.0,0.79,0.86,3.79,11.0,16.0,206.0,678.0,1944,2016-04-18,18,False,233.0,27.0,False,0.1452,0.1581,0.6967,Monday,False,1,False,True,678.0,8.33,0.8977,3.68,False,True,7.75,0.9047,4.15,False,True,71.2,59.0,122.0,38.0
2347167796,6711,4.44,0.0,0.0,0.0,4.44,0.0,7.0,382.0,648.0,2346,2016-04-19,17,False,389.0,7.0,False,0.0,0.0,1.0,Tuesday,False,2,False,True,648.0,7.75,0.9047,4.15,False,True,,,,,,81.3,59.0,121.0,241.0
2347167796,10999,7.27,0.0,0.68,1.81,4.78,11.0,43.0,269.0,1011.0,2198,2016-04-20,16,False,323.0,54.0,True,0.0935,0.249,0.6575,Wednesday,False,2,False,False,,,,,,,7.67,0.9504,4.23,False,True,78.2,60.0,129.4,67.0
2347167796,10080,6.75,0.0,1.85,1.53,3.38,23.0,26.0,208.0,761.0,2048,2016-04-21,19,False,257.0,49.0,True,0.2737,0.2263,0.5,Thursday,False,2,False,True,761.0,7.67,0.9504,4.23,False,True,6.75,0.8785,5.27,False,True,73.4,60.0,131.0,45.0
2347167796,7804,5.16,0.0,0.56,1.68,2.92,9.0,27.0,206.0,781.0,1946,2016-04-22,18,False,242.0,36.0,False,0.1085,0.3256,0.5659,Friday,False,2,False,True,781.0,6.75,0.8785,5.27,False,True,6.23,0.9689,6.33,False,True,72.0,60.0,119.3,19.0
2347167796,16901,11.37,0.0,2.78,1.45,7.15,32.0,35.0,360.0,591.0,2629,2016-04-23,19,False,427.0,67.0,True,0.2443,0.1274,0.6283,Saturday,True,2,False,True,591.0,6.23,0.9689,6.33,False,True,7.37,0.963,5.4,False,True,83.4,58.0,149.0,156.0
2347167796,9471,6.26,0.0,0.0,0.0,6.26,0.0,0.0,360.0,584.0,2187,2016-04-24,16,False,360.0,0.0,False,0.0,0.0,1.0,Sunday,True,2,False,True,584.0,7.37,0.963,5.4,False,True,7.22,0.9193,4.78,False,True,77.6,60.0,112.0,62.0
2347167796,9482,6.38,0.0,1.27,0.52,4.6,15.0,11.0,277.0,653.0,2095,2016-04-25,19,False,303.0,26.0,False,0.1987,0.0814,0.7199,Monday,False,2,False,True,653.0,7.22,0.9193,4.78,False,True,7.27,0.8898,4.57,False,True,73.9,59.0,119.7,39.0
2347167796,5980,3.95,0.0,0.0,0.0,3.95,0.0,0.0,227.0,732.0,1861,2016-04-26,17,False,227.0,0.0,False,0.0,0.0,1.0,Tuesday,False,3,False,True,732.0,7.27,0.8898,4.57,False,True,7.47,0.8978,4.73,False,True,71.7,59.0,100.0,8.0
2347167796,11423,7.58,0.0,1.86,0.4,5.32,26.0,9.0,295.0,623.0,2194,2016-04-27,17,False,330.0,35.0,True,0.2454,0.0528,0.7018,Wednesday,False,3,False,True,623.0,7.47,0.8978,4.73,False,True,6.8,0.9067,4.93,False,True,75.2,58.0,125.0,58.0
2347167796,5439,3.6,0.0,0.0,0.0,3.6,0.0,0.0,229.0,764.0,1854,2016-04-28,19,False,229.0,0.0,False,0.0,0.0,1.0,Thursday,False,3,False,True,764.0,6.8,0.9067,4.93,False,True,6.85,0.8689,4.98,False,True,73.4,63.0,105.0,14.0
2873212765,8796,5.91,0.0,0.11,0.93,4.88,2.0,21.0,356.0,1061.0,1982,2016-04-12,17,False,379.0,23.0,False,0.0186,0.1571,0.8243,Tuesday,False,1,False,False,,,,,,,,,,,,,,,
2873212765,7618,5.12,0.0,0.0,0.22,4.88,0.0,8.0,404.0,1028.0,2004,2016-04-13,19,False,412.0,8.0,False,0.0,0.0431,0.9569,Wednesday,False,1,False,False,,,,,,,,,,,,,,,
2873212765,7910,5.32,0.0,0.0,0.0,5.32,0.0,0.0,331.0,1109.0,1893,2016-04-14,16,False,331.0,0.0,False,0.0,0.0,1.0,Thursday,False,1,False,False,,,,,,,,,,,,,,,
2873212765,8482,5.7,0.0,0.0,0.0,5.69,0.0,0.0,448.0,992.0,2063,2016-04-15,17,False,448.0,0.0,False,0.0,0.0,1.0,Friday,False,1,False,False,,,,,,,,,,,,,,,
2873212765,9685,6.65,0.0,3.11,0.02,3.51,47.0,1.0,305.0,1087.0,2148,2016-04-16,16,False,353.0,48.0,False,0.4684,0.003,0.5286,Saturday,True,1,False,False,,,,,,,,,,,,,,,
2873212765,2524,1.7,0.0,0.0,0.35,1.34,0.0,8.0,160.0,1272.0,1529,2016-04-17,13,False,168.0,8.0,False,0.0,0.2071,0.7929,Sunday,True,1,False,False,,,,,,,,,,,,,,,
2873212765,7762,5.24,0.0,0.07,0.28,4.89,1.0,6.0,311.0,1122.0,1890,2016-04-18,16,False,318.0,7.0,False,0.0134,0.0534,0.9332,Monday,False,1,False,False,,,,,,,,,,,,,,,
2873212765,7948,5.37,0.0,0.0,0.0,5.36,0.0,0.0,389.0,1051.0,1956,2016-04-19,18,False,389.0,0.0,False,0.0,0.0,1.0,Tuesday,False,2,False,False,,,,,,,,,,,,,,,
2873212765,9202,6.3,0.0,1.51,0.12,4.66,22.0,5.0,378.0,1035.0,2094,2016-04-20,18,False,405.0,27.0,False,0.2401,0.0191,0.7409,Wednesday,False,2,False,False,,,,,,,,,,,,,,,
2873212765,8859,5.98,0.0,0.13,0.37,5.47,2.0,10.0,371.0,1057.0,1970,2016-04-21,16,False,383.0,12.0,False,0.0218,0.062,0.9162,Thursday,False,2,False,False,,,,,,,,,,,,,,,
2873212765,7286,4.9,0.0,0.46,0.0,4.42,46.0,0.0,366.0,1028.0,2241,2016-04-22,18,False,412.0,46.0,False,0.0943,0.0,0.9057,Friday,False,2,False,False,,,,,,,,,,,,,,,
2873212765,9317,6.35,0.0,2.09,0.23,4.02,28.0,5.0,330.0,1077.0,2021,2016-04-23,15,False,363.0,33.0,False,0.3297,0.0363,0.6341,Saturday,True,2,False,False,,,,,,,,,,,,,,,
2873212765,6873,4.68,0.0,3.0,0.06,1.62,46.0,1.0,190.0,1203.0,1898,2016-04-24,14,False,237.0,47.0,False,0.641,0.0128,0.3462,Sunday,True,2,False,False,,,,,,,,,,,,,,,
2873212765,7373,4.95,0.0,0.0,0.0,4.95,0.0,0.0,359.0,1081.0,1907,2016-04-25,16,False,359.0,0.0,False,0.0,0.0,1.0,Monday,False,2,False,False,,,,,,,,,,,,,,,
2873212765,8242,5.54,0.0,0.12,0.18,5.24,2.0,5.0,309.0,1124.0,1882,2016-04-26,17,False,316.0,7.0,False,0.0217,0.0325,0.9458,Tuesday,False,3,False,False,,,,,,,,,,,,,,,
2873212765,3516,2.36,0.0,0.0,0.0,2.36,46.0,0.0,197.0,1197.0,1966,2016-04-27,14,False,243.0,46.0,False,0.0,0.0,1.0,Wednesday,False,3,False,False,,,,,,,,,,,,,,,
2873212765,7913,5.41,0.0,2.16,0.34,2.91,28.0,7.0,213.0,1192.0,1835,2016-04-28,16,False,248.0,35.0,False,0.3993,0.0628,0.5379,Thursday,False,3,False,False,,,,,,,,,,,,,,,
2873212765,7365,4.95,0.0,1.36,1.41,2.18,20.0,23.0,206.0,1191.0,1780,2016-04-29,16,False,249.0,43.0,False,0.2747,0.2848,0.4404,Friday,False,3,False,False,,,,,,,,,,,,,,,
2873212765,8452,5.68,0.0,0.33,1.08,4.26,5.0,20.0,248.0,1167.0,1830,2016-04-30,15,False,273.0,25.0,False,0.0582,0.1905,0.7513,Saturday,True,3,False,False,,,,,,,,,,,,,,,
2873212765,7399,4.97,0.0,0.49,1.04,3.44,7.0,18.0,196.0,1219.0,1739,2016-05-01,13,False,221.0,25.0,False,0.0986,0.2093,0.6922,Sunday,True,3,False,False,,,,,,,,,,,,,,,
2873212765,7525,5.06,0.0,0.0,0.21,4.83,0.0,7.0,334.0,1099.0,1878,2016-05-02,17,False,341.0,7.0,False,0.0,0.0417,0.9583,Monday,False,3,False,False,,,,,,,,,,,,,,,
2873212765,7412,4.98,0.0,0.06,0.25,4.66,1.0,6.0,363.0,1070.0,1906,2016-05-03,17,False,370.0,7.0,False,0.0121,0.0503,0.9376,Tuesday,False,4,False,False,,,,,,,,,,,,,,,
2873212765,8278,5.56,0.0,0.0,0.0,5.56,0.0,0.0,420.0,1020.0,2015,2016-05-04,18,False,420.0,0.0,False,0.0,0.0,1.0,Wednesday,False,4,False,False,,,,,,,,,,,,,,,
2873212765,8314,5.61,0.0,0.78,0.8,4.03,13.0,23.0,311.0,1093.0,1971,2016-05-05,15,False,347.0,36.0,False,0.139,0.1426,0.7184,Thursday,False,4,False,False,,,,,,,,,,,,,,,
2873212765,7063,4.75,0.0,0.0,0.12,4.61,0.0,5.0,370.0,1065.0,1910,2016-05-06,17,False,375.0,5.0,False,0.0,0.0254,0.9746,Friday,False,4,False,False,,,,,,,,,,,,,,,
2873212765,8168,5.54,0.0,2.9,0.0,2.64,46.0,0.0,326.0,1068.0,2096,2016-05-08,14,False,372.0,46.0,False,0.5235,0.0,0.4765,Sunday,True,4,False,False,,,,,,,,,,,,,,,
2873212765,7726,5.19,0.0,0.0,0.0,5.19,0.0,0.0,345.0,1095.0,1906,2016-05-09,16,False,345.0,0.0,False,0.0,0.0,1.0,Monday,False,4,False,False,,,,,,,,,,,,,,,
2873212765,8275,5.56,0.0,0.0,0.0,5.55,0.0,0.0,373.0,1067.0,1962,2016-05-10,17,False,373.0,0.0,False,0.0,0.0,1.0,Tuesday,False,5,False,False,,,,,,,,,,,,,,,
2873212765,6440,4.33,0.0,0.0,0.0,4.32,0.0,0.0,319.0,1121.0,1826,2016-05-11,17,False,319.0,0.0,False,0.0,0.0,1.0,Wednesday,False,5,False,False,,,,,,,,,,,,,,,
3372868164,4747,3.24,0.0,0.0,0.0,3.23,0.0,0.0,280.0,1160.0,1788,2016-04-12,17,False,280.0,0.0,False,0.0,0.0,1.0,Tuesday,False,1,False,False,,,,,,,,,,,,,,,
3372868164,9715,6.63,0.0,0.99,0.34,5.27,16.0,8.0,371.0,1045.0,2093,2016-04-13,16,False,395.0,24.0,False,0.15,0.0515,0.7985,Wednesday,False,1,False,False,,,,,,,,,,,,,,,
3372868164,8844,6.03,0.0,0.34,1.03,4.65,6.0,25.0,370.0,1039.0,2065,2016-04-14,18,False,401.0,31.0,False,0.0565,0.1711,0.7724,Thursday,False,1,False,False,,,,,,,,,,,,,,,
3372868164,7451,5.08,0.0,0.0,0.0,5.06,0.0,0.0,335.0,1105.0,1908,2016-04-15,13,False,335.0,0.0,False,0.0,0.0,1.0,Friday,False,1,False,False,,,,,,,,,,,,,,,
3372868164,6905,4.73,0.0,0.0,0.0,4.7,0.0,0.0,356.0,1084.0,1908,2016-04-16,16,False,356.0,0.0,False,0.0,0.0,1.0,Saturday,True,1,False,False,,,,,,,,,,,,,,,
3372868164,8199,5.88,0.0,1.41,0.1,4.36,11.0,2.0,322.0,1105.0,1964,2016-04-17,18,False,335.0,13.0,False,0.2402,0.017,0.7428,Sunday,True,1,False,False,,,,,,,,,,,,,,,
3372868164,6798,4.64,0.0,1.08,0.2,3.35,20.0,7.0,343.0,1070.0,2014,2016-04-18,16,False,370.0,27.0,False,0.2333,0.0432,0.7235,Monday,False,1,False,False,,,,,,,,,,,,,,,
3372868164,7711,5.26,0.0,0.0,0.0,5.24,0.0,0.0,376.0,1064.0,1985,2016-04-19,17,False,376.0,0.0,False,0.0,0.0,1.0,Tuesday,False,2,False,False,,,,,,,,,,,,,,,
3372868164,4880,3.33,0.0,0.84,0.09,2.38,15.0,3.0,274.0,1148.0,1867,2016-04-20,16,False,292.0,18.0,False,0.2538,0.0272,0.719,Wednesday,False,2,False,False,,,,,,,,,,,,,,,
3372868164,8857,6.07,0.0,1.15,0.26,4.64,18.0,9.0,376.0,1037.0,2124,2016-04-21,18,False,403.0,27.0,False,0.1901,0.043,0.7669,Thursday,False,2,False,False,,,,,,,,,,,,,,,
3372868164,3843,2.62,0.0,0.0,0.0,2.61,0.0,0.0,206.0,1234.0,1669,2016-04-22,15,False,206.0,0.0,False,0.0,0.0,1.0,Friday,False,2,False,False,,,,,,,,,,,,,,,
3372868164,7396,5.07,0.0,1.4,0.08,3.58,20.0,2.0,303.0,1115.0,1995,2016-04-23,13,False,325.0,22.0,False,0.2767,0.0158,0.7075,Saturday,True,2,False,False,,,,,,,,,,,,,,,
3372868164,6731,4.59,0.0,0.89,0.19,3.49,14.0,7.0,292.0,1127.0,1921,2016-04-24,16,False,313.0,21.0,False,0.1947,0.0416,0.7637,Sunday,True,2,False,False,,,,,,,,,,,,,,,
3372868164,5995,4.09,0.0,0.0,0.0,4.09,0.0,0.0,416.0,1024.0,2010,2016-04-25,18,False,416.0,0.0,False,0.0,0.0,1.0,Monday,False,2,False,False,,,,,,,,,,,,,,,
3372868164,8283,5.79,0.0,1.85,0.05,3.87,22.0,2.0,333.0,1083.0,2057,2016-04-26,17,False,357.0,24.0,False,0.3206,0.0087,0.6707,Tuesday,False,3,False,False,,,,,,,,,,,,,,,
3372868164,7904,5.42,0.0,1.58,0.63,3.19,24.0,13.0,346.0,1057.0,2095,2016-04-27,19,False,383.0,37.0,False,0.2926,0.1167,0.5907,Wednesday,False,3,False,False,,,,,,,,,,,,,,,
3372868164,5512,3.76,0.0,0.0,0.0,3.76,0.0,0.0,385.0,1055.0,1972,2016-04-28,18,False,385.0,0.0,False,0.0,0.0,1.0,Thursday,False,3,False,False,,,,,,,,,,,,,,,
3372868164,9135,6.23,0.0,0.0,0.0,6.22,0.0,0.0,402.0,1038.0,2044,2016-04-29,17,False,402.0,0.0,False,0.0,0.0,1.0,Friday,False,3,False,False,,,,,,,,,,,,,,,
3372868164,5250,3.58,0.0,1.06,0.09,2.42,17.0,4.0,300.0,1119.0,1946,2016-04-30,18,False,321.0,21.0,False,0.2969,0.0252,0.6779,Saturday,True,3,False,False,,,,,,,,,,,,,,,
3977333714,8856,5.98,0.0,3.06,0.91,2.01,44.0,19.0,131.0,777.0,1450,2016-04-12,17,False,194.0,63.0,False,0.5117,0.1522,0.3361,Tuesday,False,1,False,True,777.0,4.57,0.5842,6.58,False,True,4.42,0.6709,6.75,True,True,,,,
3977333714,10035,6.71,0.0,2.03,2.13,2.55,31.0,46.0,153.0,754.0,1495,2016-04-13,20,False,230.0,77.0,True,0.3025,0.3174,0.38,Wednesday,False,1,False,True,754.0,4.42,0.6709,6.75,True,True,4.85,0.733,7.58,False,True,,,,
3977333714,7641,5.11,0.0,0.32,0.97,3.82,5.0,23.0,214.0,801.0,1433,2016-04-14,16,False,242.0,28.0,False,0.0626,0.1898,0.7476,Thursday,False,1,False,True,801.0,4.85,0.733,7.58,False,True,7.07,0.7626,8.08,False,True,,,,
3977333714,9010,6.06,0.0,1.05,1.75,3.26,15.0,42.0,183.0,644.0,1468,2016-04-15,18,False,240.0,57.0,False,0.1733,0.2888,0.538,Friday,False,1,False,True,644.0,7.07,0.7626,8.08,False,True,4.72,0.5549,6.17,False,True,,,,
3977333714,13459,9.0,0.0,2.03,4.0,2.97,31.0,83.0,153.0,663.0,1625,2016-04-16,17,False,267.0,114.0,True,0.2256,0.4444,0.33,Saturday,True,1,False,True,663.0,4.72,0.5549,6.17,False,True,6.35,0.6731,6.35,False,True,,,,
3977333714,10415,6.97,0.0,0.7,2.35,3.92,11.0,58.0,205.0,600.0,1529,2016-04-17,16,False,274.0,69.0,True,0.1004,0.3372,0.5624,Sunday,True,1,False,True,600.0,6.35,0.6731,6.35,False,True,5.78,0.7763,7.07,True,True,,,,
3977333714,11663,7.8,0.0,0.25,3.73,3.82,4.0,95.0,214.0,605.0,1584,2016-04-18,17,False,313.0,99.0,True,0.0321,0.4782,0.4897,Monday,False,1,False,True,605.0,5.78,0.7763,7.07,True,True,3.65,0.5544,7.97,False,True,,,,
3977333714,12414,8.78,0.0,2.24,2.45,3.96,19.0,67.0,221.0,738.0,1638,2016-04-19,17,False,307.0,86.0,True,0.259,0.2832,0.4578,Tuesday,False,2,False,True,738.0,3.65,0.5544,7.97,False,True,1.98,0.4857,10.87,True,False,,,,
3977333714,11658,7.83,0.0,0.2,4.35,3.28,2.0,98.0,164.0,845.0,1554,2016-04-20,15,False,264.0,100.0,True,0.0255,0.5556,0.4189,Wednesday,False,2,False,False,,1.98,0.4857,10.87,True,False,5.53,0.6484,5.57,False,True,,,,
3977333714,6093,4.08,0.0,0.0,0.0,4.06,0.0,0.0,242.0,712.0,1397,2016-04-21,20,False,242.0,0.0,False,0.0,0.0,1.0,Thursday,False,2,False,True,712.0,5.53,0.6484,5.57,False,True,5.92,0.7458,7.72,False,True,,,,
3977333714,8911,5.96,0.0,2.33,0.58,3.06,33.0,12.0,188.0,731.0,1481,2016-04-22,18,False,233.0,45.0,False,0.3903,0.0972,0.5126,Friday,False,2,False,True,731.0,5.92,0.7458,7.72,False,True,3.92,0.6317,7.4,False,True,,,,
3977333714,12058,8.07,0.0,0.0,4.22,3.85,0.0,92.0,252.0,724.0,1638,2016-04-23,19,False,344.0,92.0,True,0.0,0.5229,0.4771,Saturday,True,2,False,True,724.0,3.92,0.6317,7.4,False,True,5.17,0.5894,6.47,False,True,,,,
3977333714,14112,10.0,0.0,3.27,4.56,2.17,30.0,95.0,129.0,660.0,1655,2016-04-24,16,False,254.0,125.0,True,0.327,0.456,0.217,Sunday,True,2,False,True,660.0,5.17,0.5894,6.47,False,True,4.37,0.561,7.25,False,True,,,,
3977333714,11177,8.48,0.0,5.62,0.43,2.41,50.0,9.0,133.0,781.0,1570,2016-04-25,16,False,192.0,59.0,True,0.6643,0.0508,0.2849,Monday,False,2,False,True,781.0,4.37,0.561,7.25,False,True,4.17,0.6739,9.1,False,True,,,,
3977333714,11388,7.62,0.0,0.45,4.22,2.95,7.0,95.0,170.0,797.0,1551,2016-04-26,18,False,272.0,102.0,True,0.0591,0.5538,0.3871,Tuesday,False,3,False,True,797.0,4.17,0.6739,9.1,False,True,5.82,0.6463,6.65,False,True,,,,
3977333714,7193,5.04,0.0,0.0,0.42,4.62,0.0,10.0,176.0,714.0,1377,2016-04-27,17,False,186.0,10.0,False,0.0,0.0833,0.9167,Wednesday,False,3,False,True,714.0,5.82,0.6463,6.65,False,True,4.35,0.617,8.68,False,True,,,,
3977333714,7114,4.88,0.0,1.37,0.29,3.22,15.0,8.0,190.0,804.0,1407,2016-04-28,19,False,213.0,23.0,False,0.2807,0.0594,0.6598,Thursday,False,3,False,True,804.0,4.35,0.617,8.68,False,True,5.55,0.6967,6.45,False,True,,,,
3977333714,10645,7.75,0.0,3.74,1.3,2.71,36.0,32.0,150.0,744.0,1545,2016-04-29,19,False,218.0,68.0,True,0.4826,0.1677,0.3497,Friday,False,3,False,True,744.0,5.55,0.6967,6.45,False,True,3.95,0.6204,6.33,False,True,,,,
3977333714,13238,9.2,0.0,3.69,2.1,3.41,43.0,52.0,194.0,687.0,1650,2016-04-30,21,False,289.0,95.0,True,0.4011,0.2283,0.3707,Saturday,True,3,False,True,687.0,3.95,0.6204,6.33,False,True,6.38,0.6118,4.63,False,True,,,,
3977333714,10414,7.07,0.0,2.67,1.98,2.41,41.0,40.0,124.0,691.0,1501,2016-05-01,16,False,205.0,81.0,True,0.3782,0.2805,0.3414,Sunday,True,3,False,True,691.0,6.38,0.6118,4.63,False,True,3.83,0.599,6.87,False,True,,,,
3977333714,16520,11.05,0.0,1.54,6.48,3.02,24.0,143.0,176.0,713.0,1760,2016-05-02,20,False,343.0,167.0,True,0.1395,0.587,0.2736,Monday,False,3,False,True,713.0,3.83,0.599,6.87,False,True,4.87,0.584,6.87,False,True,,,,
3977333714,14335,9.59,0.0,3.32,1.74,4.53,47.0,41.0,258.0,594.0,1710,2016-05-03,17,False,346.0,88.0,True,0.3462,0.1814,0.4724,Tuesday,False,4,False,True,594.0,4.87,0.584,6.87,False,True,3.55,0.6339,8.6,False,True,,,,
3977333714,13559,9.44,0.0,1.81,4.58,2.89,14.0,96.0,142.0,852.0,1628,2016-05-04,20,False,252.0,110.0,True,0.195,0.4935,0.3114,Wednesday,False,4,False,True,852.0,3.55,0.6339,8.6,False,True,5.3,0.6625,6.85,False,True,,,,
3977333714,12312,8.58,0.0,1.76,4.11,2.71,14.0,88.0,178.0,680.0,1618,2016-05-05,19,False,280.0,102.0,True,0.2051,0.479,0.3159,Thursday,False,4,False,True,680.0,5.3,0.6625,6.85,False,True,5.38,0.6309,6.65,False,True,,,,
3977333714,11677,8.28,0.0,3.11,2.51,2.67,29.0,55.0,168.0,676.0,1590,2016-05-06,16,False,252.0,84.0,True,0.3752,0.3028,0.3221,Friday,False,4,False,True,676.0,5.38,0.6309,6.65,False,True,3.95,0.535,7.12,False,True,,,,
3977333714,11550,7.73,0.0,0.0,4.13,3.59,0.0,86.0,208.0,703.0,1574,2016-05-07,19,False,294.0,86.0,True,0.0,0.535,0.465,Saturday,True,4,False,True,703.0,3.95,0.535,7.12,False,True,4.17,0.6329,8.17,True,True,,,,
3977333714,13585,9.09,0.0,0.68,5.24,3.17,9.0,116.0,171.0,688.0,1633,2016-05-08,17,False,296.0,125.0,True,0.0748,0.5765,0.3487,Sunday,True,4,False,True,688.0,4.17,0.6329,8.17,True,True,,,,,,,,,
3977333714,14687,10.08,0.0,0.77,5.6,3.55,8.0,122.0,151.0,1159.0,1667,2016-05-09,14,False,281.0,130.0,True,0.0776,0.5645,0.3579,Monday,False,4,False,False,,,,,,,5.2,0.6903,6.77,False,True,,,,
3977333714,13072,8.78,0.0,0.07,5.4,3.31,1.0,115.0,196.0,676.0,1630,2016-05-10,15,False,312.0,116.0,True,0.008,0.615,0.377,Tuesday,False,5,False,True,676.0,5.2,0.6903,6.77,False,True,,,,,,,,,
4020332650,8539,6.12,0.0,0.15,0.24,5.68,4.0,15.0,331.0,712.0,3654,2016-04-12,18,False,350.0,19.0,False,0.0247,0.0395,0.9357,Tuesday,False,1,False,True,712.0,8.35,0.9261,3.28,False,True,,,,,,83.5,59.0,116.0,154.0
4020332650,4496,3.22,0.0,0.0,0.0,3.15,0.0,0.0,174.0,950.0,2828,2016-05-03,15,False,174.0,0.0,False,0.0,0.0,1.0,Tuesday,False,4,False,True,950.0,5.37,0.9699,5.2,False,True,7.97,0.8918,5.47,False,True,77.9,61.0,107.0,53.0
4020332650,10252,7.35,0.0,0.67,1.04,5.58,13.0,46.0,346.0,531.0,3879,2016-05-04,18,False,405.0,59.0,True,0.0919,0.1427,0.7654,Wednesday,False,4,False,True,531.0,7.97,0.8918,5.47,False,True,3.77,0.9113,6.6,False,True,83.5,59.0,118.0,199.0
4020332650,11728,8.43,0.0,2.62,1.68,4.04,38.0,42.0,196.0,916.0,3429,2016-05-05,13,False,276.0,80.0,True,0.3141,0.2014,0.4844,Thursday,False,4,False,True,916.0,3.77,0.9113,6.6,False,True,6.42,0.9436,6.45,False,True,85.6,60.0,114.0,126.0
4020332650,4369,3.13,0.0,0.0,0.0,3.1,0.0,0.0,177.0,855.0,2704,2016-05-06,11,False,177.0,0.0,False,0.0,0.0,1.0,Friday,False,4,False,True,855.0,6.42,0.9436,6.45,False,True,,,,,,75.6,57.0,101.0,10.0
4020332650,6132,4.4,0.0,0.0,0.0,3.58,0.0,0.0,184.0,1256.0,2975,2016-05-07,15,False,184.0,0.0,False,0.0,0.0,1.0,Saturday,True,4,False,False,,,,,,,6.07,0.9055,6.62,False,True,89.1,80.0,106.0,25.0
4020332650,5862,4.2,0.0,0.0,0.0,4.15,0.0,0.0,263.0,775.0,3089,2016-05-08,19,False,263.0,0.0,False,0.0,0.0,1.0,Sunday,True,4,False,True,775.0,6.07,0.9055,6.62,False,True,,,,,,78.0,58.0,108.0,53.0
4020332650,4556,3.27,0.0,0.2,0.12,2.94,3.0,5.0,173.0,1225.0,2785,2016-05-09,10,False,181.0,8.0,False,0.0613,0.0368,0.9018,Monday,False,4,False,False,,,,,,,7.37,0.8947,5.43,False,True,,,,
4020332650,5546,3.98,0.0,0.0,0.0,3.87,0.0,0.0,206.0,774.0,2926,2016-05-10,17,False,206.0,0.0,False,0.0,0.0,1.0,Tuesday,False,5,False,True,774.0,7.37,0.8947,5.43,False,True,,,,,,72.6,53.0,122.0,38.0
4057192912,5394,4.03,0.0,0.0,0.0,3.94,0.0,0.0,164.0,1276.0,2286,2016-04-12,18,False,164.0,0.0,False,0.0,0.0,1.0,Tuesday,False,1,False,False,,,,,,,,,,,,,,,
4057192912,5974,4.47,0.0,0.0,0.0,4.37,0.0,0.0,160.0,1280.0,2306,2016-04-13,14,False,160.0,0.0,False,0.0,0.0,1.0,Wednesday,False,1,False,False,,,,,,,,,,,,,,,
4319703577,7753,5.2,0.0,,,,,,,,2115,2016-04-12,0,True,,,False,,,,Tuesday,False,1,False,False,,,,,,,,,,,,,,,
4319703577,10210,6.88,0.0,0.11,0.33,6.44,1.0,9.0,339.0,589.0,2302,2016-04-14,18,False,349.0,10.0,True,0.016,0.048,0.936,Thursday,False,1,False,True,589.0,8.92,0.9605,4.55,False,True,7.75,0.947,5.47,False,True,,,,
4319703577,5664,3.8,0.0,0.0,0.0,3.8,0.0,0.0,228.0,752.0,1985,2016-04-15,19,False,228.0,0.0,False,0.0,0.0,1.0,Friday,False,1,False,True,752.0,7.75,0.947,5.47,False,True,8.43,0.9693,6.17,False,True,,,,
4319703577,4744,3.18,0.0,0.0,0.0,3.18,0.0,0.0,194.0,724.0,1884,2016-04-16,11,False,194.0,0.0,False,0.0,0.0,1.0,Saturday,True,1,False,True,724.0,8.43,0.9693,6.17,False,True,,,,,,,,,
4319703577,8925,5.99,0.0,0.0,0.0,5.99,0.0,0.0,311.0,604.0,2200,2016-04-19,18,False,311.0,0.0,False,0.0,0.0,1.0,Tuesday,False,2,False,True,604.0,7.68,0.9257,4.82,False,True,8.72,0.9632,4.37,False,True,,,,
4319703577,8954,6.01,0.0,0.0,0.68,5.31,0.0,18.0,306.0,671.0,2220,2016-04-20,18,False,324.0,18.0,False,0.0,0.1135,0.8865,Wednesday,False,2,False,True,671.0,8.72,0.9632,4.37,False,True,,,,True,False,,,,
4319703577,4500,3.02,0.0,0.06,0.81,2.15,1.0,19.0,176.0,709.0,1886,2016-04-22,18,False,196.0,20.0,False,0.0199,0.2682,0.7119,Friday,False,2,False,True,709.0,8.88,0.9691,4.73,False,True,11.53,0.9584,4.98,False,True,,,,
4319703577,4935,3.31,0.0,0.0,0.0,3.31,0.0,0.0,233.0,546.0,1945,2016-04-23,18,False,233.0,0.0,False,0.0,0.0,1.0,Saturday,True,2,False,True,546.0,11.53,0.9584,4.98,False,True,7.78,0.9321,6.15,False,True,,,,
4319703577,4081,2.74,0.0,0.06,0.2,2.47,1.0,5.0,191.0,692.0,1880,2016-04-24,18,False,197.0,6.0,False,0.022,0.0733,0.9048,Sunday,True,2,False,True,692.0,7.78,0.9321,6.15,False,True,8.13,0.9644,5.17,False,True,,,,
4319703577,9259,6.21,0.0,0.0,0.28,5.93,0.0,8.0,390.0,544.0,2314,2016-04-25,19,False,398.0,8.0,False,0.0,0.0451,0.9549,Monday,False,2,False,True,544.0,8.13,0.9644,5.17,False,True,8.42,0.9787,5.3,False,True,,,,
4319703577,9899,6.64,0.0,0.57,0.92,5.15,8.0,21.0,288.0,649.0,2236,2016-04-26,14,False,317.0,29.0,False,0.0858,0.1386,0.7756,Tuesday,False,3,False,True,649.0,8.42,0.9787,5.3,False,True,4.77,0.9316,8.48,False,True,,,,
4319703577,10780,7.23,0.0,0.41,1.92,4.91,6.0,47.0,300.0,680.0,2324,2016-04-27,19,False,353.0,53.0,True,0.0566,0.2652,0.6782,Wednesday,False,3,False,True,680.0,4.77,0.9316,8.48,False,True,8.28,0.9521,4.33,False,True,,,,
4319703577,10817,7.28,0.0,1.01,0.33,5.94,13.0,8.0,359.0,552.0,2367,2016-04-28,19,False,380.0,21.0,True,0.1387,0.0453,0.8159,Thursday,False,3,False,True,552.0,8.28,0.9521,4.33,False,True,8.72,0.9579,4.57,False,True,,,,
4319703577,7990,5.36,0.0,0.45,0.79,4.12,6.0,18.0,289.0,624.0,2175,2016-04-29,20,False,313.0,24.0,False,0.084,0.1474,0.7687,Friday,False,3,False,True,624.0,8.72,0.9579,4.57,False,True,8.17,0.9496,5.3,False,True,,,,
4319703577,8221,5.52,0.0,0.4,1.61,3.51,6.0,38.0,196.0,695.0,2092,2016-04-30,18,False,240.0,44.0,False,0.0725,0.2917,0.6359,Saturday,True,3,False,True,695.0,8.17,0.9496,5.3,False,True,8.07,0.968,5.48,False,True,,,,
4319703577,9261,6.24,0.0,0.0,0.44,5.71,0.0,11.0,344.0,585.0,2270,2016-05-02,21,False,355.0,11.0,False,0.0,0.0715,0.9285,Monday,False,3,False,True,585.0,7.97,0.9447,4.87,False,True,7.9,0.9258,4.97,False,True,,,,
4319703577,9648,6.47,0.0,0.58,1.07,4.83,8.0,26.0,287.0,669.0,2235,2016-05-03,20,False,321.0,34.0,False,0.0895,0.1651,0.7454,Tuesday,False,4,False,True,669.0,7.9,0.9258,4.97,False,True,,,,,,,,,
4319703577,10429,7.02,0.0,0.59,0.58,5.85,8.0,13.0,313.0,1106.0,2282,2016-05-04,16,False,334.0,21.0,True,0.084,0.0826,0.8333,Wednesday,False,4,False,False,,,,,,,,,,,,,,,
4319703577,13658,9.49,0.0,2.63,1.41,5.45,27.0,34.0,328.0,957.0,2530,2016-05-05,18,False,389.0,61.0,True,0.2771,0.1486,0.5743,Thursday,False,4,False,False,,,,,,,7.5,0.9165,4.43,False,True,,,,
4319703577,9524,6.42,0.0,0.41,0.47,5.46,6.0,11.0,314.0,692.0,2266,2016-05-06,23,False,331.0,17.0,False,0.0647,0.0741,0.8612,Friday,False,4,False,True,692.0,7.5,0.9165,4.43,False,True,8.45,0.9566,5.67,False,True,,,,
4319703577,7937,5.33,0.0,0.19,1.05,4.08,3.0,28.0,279.0,586.0,2158,2016-05-07,20,False,310.0,31.0,False,0.0357,0.1974,0.7669,Saturday,True,4,False,True,586.0,8.45,0.9566,5.67,False,True,10.03,0.9436,5.43,False,True,,,,
4319703577,3672,2.46,0.0,0.0,0.0,2.46,0.0,0.0,153.0,603.0,1792,2016-05-08,12,False,153.0,0.0,False,0.0,0.0,1.0,Sunday,True,4,False,True,603.0,10.03,0.9436,5.43,False,True,8.92,0.9469,4.68,False,True,,,,
4319703577,10378,6.96,0.0,0.14,0.56,6.25,2.0,14.0,374.0,490.0,2345,2016-05-09,21,False,390.0,16.0,True,0.0201,0.0806,0.8993,Monday,False,4,False,True,490.0,8.92,0.9469,4.68,False,True,8.12,0.942,4.78,False,True,,,,
4319703577,9487,6.37,0.0,0.21,0.46,5.7,3.0,12.0,329.0,555.0,2260,2016-05-10,20,False,344.0,15.0,False,0.033,0.0722,0.8948,Tuesday,False,5,False,True,555.0,8.12,0.942,4.78,False,True,8.82,0.948,4.38,False,True,,,,
4319703577,9129,6.13,0.0,0.2,0.74,5.18,3.0,18.0,311.0,574.0,2232,2016-05-11,16,False,332.0,21.0,False,0.0327,0.1209,0.8464,Wednesday,False,5,False,True,574.0,8.82,0.948,4.38,False,True,5.03,0.9408,4.78,False,True,,,,
4388161847,10122,7.78,0.0,,,,,,,,2955,2016-04-12,0,True,,,True,,,,Tuesday,False,1,False,False,,,,,,,,,,,,,,,
4388161847,8863,6.82,0.0,0.13,1.07,5.62,10.0,35.0,219.0,945.0,2998,2016-04-14,19,False,264.0,45.0,False,0.0191,0.1569,0.824,Thursday,False,1,False,False,,,,,,,8.32,0.9487,2.15,False,True,68.4,54.0,114.0,40.0
4388161847,8758,6.73,0.0,0.0,0.0,6.73,0.0,0.0,299.0,837.0,3066,2016-04-15,21,False,299.0,0.0,False,0.0,0.0,1.0,Friday,False,1,False,True,837.0,8.32,0.9487,2.15,False,True,6.22,0.9613,5.85,True,True,67.5,50.0,109.0,29.0
4388161847,6580,5.06,0.0,0.21,0.4,4.45,6.0,9.0,253.0,609.0,3073,2016-04-16,18,False,268.0,15.0,False,0.0415,0.0791,0.8794,Saturday,True,1,False,True,609.0,6.22,0.9613,5.85,True,True,8.1,0.9624,3.93,True,True,75.5,62.0,108.0,28.0
4388161847,4660,3.58,0.0,0.0,0.0,3.58,0.0,0.0,201.0,721.0,2572,2016-04-17,19,False,201.0,0.0,False,0.0,0.0,1.0,Sunday,True,1,False,True,721.0,8.1,0.9624,3.93,True,True,1.65,0.9519,2.98,False,False,66.4,55.0,93.0,5.0
4388161847,11009,9.1,0.0,3.56,0.4,5.14,27.0,8.0,239.0,1017.0,3274,2016-04-18,18,False,274.0,35.0,True,0.3912,0.044,0.5648,Monday,False,1,False,False,,1.65,0.9519,2.98,False,False,5.48,0.9734,5.25,False,True,81.5,58.0,170.0,47.0
4388161847,10181,7.83,0.0,1.37,0.69,5.77,20.0,16.0,249.0,704.0,3015,2016-04-19,21,False,285.0,36.0,True,0.175,0.0881,0.7369,Tuesday,False,2,False,True,704.0,5.48,0.9734,5.25,False,True,7.02,0.9335,3.37,False,True,65.5,51.0,111.0,32.0
4388161847,10553,8.12,0.0,1.1,1.72,5.29,19.0,42.0,228.0,696.0,3083,2016-04-20,19,False,289.0,61.0,True,0.1356,0.2121,0.6523,Wednesday,False,2,False,True,696.0,7.02,0.9335,3.37,False,True,7.37,0.9651,3.3,False,True,65.4,52.0,107.0,17.0
4388161847,10055,7.73,0.0,0.37,0.39,6.98,7.0,12.0,272.0,853.0,3069,2016-04-21,19,False,291.0,19.0,True,0.0478,0.0504,0.9018,Thursday,False,2,False,True,853.0,7.37,0.9651,3.3,False,True,,,,True,False,63.1,48.0,106.0,20.0
4388161847,12139,9.34,0.0,3.3,1.11,4.92,77.0,25.0,220.0,945.0,3544,2016-04-22,17,False,322.0,102.0,True,0.3537,0.119,0.5273,Friday,False,2,False,False,,,,,True,False,7.97,0.9541,4.53,False,True,73.3,58.0,131.0,61.0
4388161847,13236,10.18,0.0,4.5,0.32,5.35,58.0,5.0,215.0,749.0,3306,2016-04-23,20,False,278.0,63.0,True,0.4425,0.0315,0.5261,Saturday,True,2,False,True,749.0,7.97,0.9541,4.53,False,True,5.47,0.9239,6.3,True,True,67.1,51.0,148.0,55.0
4388161847,10243,7.88,0.0,1.08,0.51,6.3,14.0,8.0,239.0,584.0,2885,2016-04-24,18,False,261.0,22.0,True,0.1369,0.0646,0.7985,Sunday,True,2,False,True,584.0,5.47,0.9239,6.3,True,True,,,,,,62.1,51.0,97.0,8.0
4388161847,12961,9.97,0.0,0.73,1.4,7.84,11.0,31.0,301.0,1054.0,3288,2016-04-25,19,False,343.0,42.0,True,0.0732,0.1404,0.7864,Monday,False,2,False,False,,,,,,,5.32,0.922,5.28,False,True,67.5,52.0,108.0,25.0
4388161847,9461,7.28,0.0,0.94,1.06,5.27,14.0,23.0,224.0,673.0,2929,2016-04-26,22,False,261.0,37.0,False,0.1293,0.1458,0.7249,Tuesday,False,3,False,True,673.0,5.32,0.922,5.28,False,True,7.68,0.922,2.62,False,True,62.5,51.0,101.0,8.0
4388161847,11193,8.61,0.0,0.7,2.51,5.39,11.0,48.0,241.0,684.0,3074,2016-04-27,23,False,300.0,59.0,True,0.0814,0.2919,0.6267,Wednesday,False,3,False,True,684.0,7.68,0.922,2.62,False,True,7.13,0.9345,3.37,False,True,62.1,47.0,103.0,13.0
4388161847,10074,7.75,0.0,1.29,0.43,6.03,19.0,9.0,234.0,878.0,2969,2016-04-28,18,False,262.0,28.0,True,0.1665,0.0555,0.7781,Thursday,False,3,False,True,878.0,7.13,0.9345,3.37,False,True,,,,,,62.3,46.0,107.1,16.0
4388161847,9232,7.1,0.0,0.8,0.89,5.42,13.0,16.0,236.0,1175.0,2979,2016-04-29,19,False,265.0,29.0,False,0.1125,0.1252,0.7623,Friday,False,3,False,False,,,,,,,5.32,0.941,6.27,True,True,66.1,54.0,110.1,11.0
4388161847,12533,9.64,0.0,0.7,2.0,6.94,14.0,43.0,300.0,537.0,3283,2016-04-30,22,False,357.0,57.0,True,0.0726,0.2075,0.7199,Saturday,True,3,False,True,537.0,5.32,0.941,6.27,True,True,9.12,0.9162,4.07,False,True,64.2,51.0,103.0,14.0
4388161847,10255,7.89,0.0,1.01,0.68,6.2,12.0,15.0,241.0,579.0,2926,2016-05-01,19,False,268.0,27.0,True,0.128,0.0862,0.7858,Sunday,True,3,False,True,579.0,9.12,0.9162,4.07,False,True,6.13,0.9787,4.13,False,True,60.0,45.0,92.0,0.0
4388161847,10096,8.4,0.0,3.77,0.08,4.55,33.0,4.0,204.0,935.0,3147,2016-05-02,19,False,241.0,37.0,True,0.4488,0.0095,0.5417,Monday,False,3,False,True,935.0,6.13,0.9787,4.13,False,True,,,,,,66.4,49.0,157.0,42.0
4388161847,12727,9.79,0.0,1.13,0.78,7.88,18.0,18.0,306.0,984.0,3290,2016-05-03,18,False,342.0,36.0,True,0.1154,0.0797,0.8049,Tuesday,False,4,False,False,,,,,,,6.5,0.942,4.1,False,True,66.6,53.0,111.0,26.0
4388161847,12375,9.52,0.0,2.79,0.93,5.8,35.0,21.0,251.0,632.0,3162,2016-05-04,19,False,307.0,56.0,True,0.2931,0.0977,0.6092,Wednesday,False,4,False,True,632.0,6.5,0.942,4.1,False,True,7.85,0.9515,2.65,False,True,61.9,47.0,107.0,23.0
4388161847,9603,7.38,0.0,0.63,1.67,5.09,12.0,39.0,199.0,896.0,2899,2016-05-05,18,False,250.0,51.0,False,0.0853,0.226,0.6888,Thursday,False,4,False,True,896.0,7.85,0.9515,2.65,False,True,,,,,,61.0,48.0,106.0,13.0
4388161847,13175,10.13,0.0,2.11,2.09,5.93,33.0,45.0,262.0,1100.0,3425,2016-05-06,20,False,340.0,78.0,True,0.2083,0.2063,0.5854,Friday,False,4,False,False,,,,,,,7.87,0.9516,6.05,False,True,69.1,54.0,135.0,32.0
4388161847,22770,17.54,0.0,9.45,2.77,5.33,120.0,56.0,260.0,508.0,4022,2016-05-07,18,False,436.0,176.0,True,0.5385,0.1578,0.3037,Saturday,True,4,False,True,508.0,7.87,0.9516,6.05,False,True,7.05,0.993,7.02,True,True,66.6,47.0,118.0,51.0
4388161847,17298,14.38,0.0,9.89,1.26,3.23,107.0,38.0,178.0,576.0,3934,2016-05-08,15,False,323.0,145.0,True,0.6878,0.0876,0.2246,Sunday,True,4,False,True,576.0,7.05,0.993,7.02,True,True,1.03,0.9538,2.22,False,False,76.8,47.0,166.0,105.0
4388161847,10218,7.86,0.0,0.34,0.73,6.79,6.0,19.0,258.0,1020.0,3013,2016-05-09,19,False,283.0,25.0,True,0.0433,0.0929,0.8639,Monday,False,4,False,False,,1.03,0.9538,2.22,False,False,6.0,0.96,4.8,False,True,64.1,51.0,105.0,14.0
4388161847,10299,7.92,0.0,0.81,0.65,6.46,13.0,14.0,267.0,648.0,3061,2016-05-10,19,False,294.0,27.0,True,0.1023,0.0821,0.8157,Tuesday,False,5,False,True,648.0,6.0,0.96,4.8,False,True,7.9,0.9595,2.75,False,True,61.2,45.0,104.0,13.0
4388161847,10201,7.84,0.0,0.53,0.79,6.53,8.0,18.0,256.0,858.0,2954,2016-05-11,17,False,282.0,26.0,True,0.0675,0.1006,0.8318,Wednesday,False,5,False,True,858.0,7.9,0.9595,2.75,False,True,,,,,,60.0,45.0,99.0,5.0
4445114986,3276,2.2,0.0,0.0,0.0,2.2,0.0,0.0,196.0,787.0,2113,2016-04-12,18,False,196.0,0.0,False,0.0,0.0,1.0,Tuesday,False,1,False,True,787.0,7.15,0.9387,7.73,False,True,4.88,0.9015,7.78,True,True,,,,
4445114986,2961,1.99,0.0,0.0,0.0,1.99,0.0,0.0,194.0,840.0,2095,2016-04-13,16,False,194.0,0.0,False,0.0,0.0,1.0,Wednesday,False,1,False,True,840.0,4.88,0.9015,7.78,True,True,7.35,0.8963,9.08,False,True,,,,
4445114986,3974,2.67,0.0,0.0,0.0,2.67,0.0,0.0,231.0,717.0,2194,2016-04-14,18,False,231.0,0.0,False,0.0,0.0,1.0,Thursday,False,1,False,True,717.0,7.35,0.8963,9.08,False,True,5.62,0.8892,6.58,False,True,,,,
4445114986,7198,4.83,0.0,0.0,0.0,4.83,0.0,0.0,350.0,711.0,2496,2016-04-15,21,False,350.0,0.0,False,0.0,0.0,1.0,Friday,False,1,False,True,711.0,5.62,0.8892,6.58,False,True,7.7,0.9259,7.6,False,True,,,,
4445114986,3945,2.65,0.0,0.0,0.0,2.65,0.0,0.0,225.0,716.0,2180,2016-04-16,15,False,225.0,0.0,False,0.0,0.0,1.0,Saturday,True,1,False,True,716.0,7.7,0.9259,7.6,False,True,1.63,0.9159,8.4,False,False,,,,
4445114986,2268,1.52,0.0,0.0,0.0,1.52,0.0,0.0,114.0,1219.0,1933,2016-04-17,10,False,114.0,0.0,False,0.0,0.0,1.0,Sunday,True,1,False,False,,1.63,0.9159,8.4,False,False,,,,,,,,,
4445114986,6155,4.24,0.0,2.0,0.29,1.95,25.0,6.0,162.0,1247.0,2248,2016-04-18,12,False,193.0,31.0,False,0.4717,0.0684,0.4599,Monday,False,1,False,False,,,,,,,4.4,0.9329,7.72,True,True,,,,
4445114986,2064,1.39,0.0,0.0,0.0,1.39,0.0,0.0,121.0,895.0,1954,2016-04-19,19,False,121.0,0.0,False,0.0,0.0,1.0,Tuesday,False,2,False,True,895.0,4.4,0.9329,7.72,True,True,7.32,0.9502,8.95,False,True,,,,
4445114986,2072,1.39,0.0,0.0,0.0,1.39,0.0,0.0,137.0,841.0,1974,2016-04-20,14,False,137.0,0.0,False,0.0,0.0,1.0,Wednesday,False,2,False,True,841.0,7.32,0.9502,8.95,False,True,7.27,0.9296,9.18,False,True,,,,
4445114986,3809,2.56,0.0,0.0,0.0,2.54,0.0,0.0,215.0,756.0,2150,2016-04-21,18,False,215.0,0.0,False,0.0,0.0,1.0,Thursday,False,2,False,True,756.0,7.27,0.9296,9.18,False,True,6.47,0.9305,9.28,False,True,,,,
4445114986,6831,4.58,0.0,0.0,0.0,4.58,0.0,0.0,317.0,706.0,2432,2016-04-22,20,False,317.0,0.0,False,0.0,0.0,1.0,Friday,False,2,False,True,706.0,6.47,0.9305,9.28,False,True,,,,,,,,,
4445114986,4363,2.93,0.0,0.0,0.0,2.93,0.0,0.0,201.0,1239.0,2149,2016-04-23,12,False,201.0,0.0,False,0.0,0.0,1.0,Saturday,True,2,False,False,,,,,,,,,,,,,,,
4445114986,5002,3.36,0.0,0.0,0.0,3.36,0.0,0.0,244.0,1196.0,2247,2016-04-24,17,False,244.0,0.0,False,0.0,0.0,1.0,Sunday,True,2,False,False,,,,,,,5.48,0.9536,7.87,False,True,,,,
4445114986,3385,2.27,0.0,0.0,0.0,2.27,0.0,0.0,179.0,916.0,2070,2016-04-25,16,False,179.0,0.0,False,0.0,0.0,1.0,Monday,False,2,False,True,916.0,5.48,0.9536,7.87,False,True,5.88,0.9028,8.28,False,True,,,,
4445114986,6326,4.41,0.0,2.41,0.04,1.96,29.0,1.0,180.0,839.0,2291,2016-04-26,18,False,210.0,30.0,False,0.5465,0.0091,0.4444,Tuesday,False,3,False,True,839.0,5.88,0.9028,8.28,False,True,5.53,0.8877,9.8,False,True,,,,
4445114986,7243,5.03,0.0,2.62,0.03,2.38,32.0,1.0,194.0,839.0,2361,2016-04-27,20,False,227.0,33.0,False,0.5209,0.006,0.4732,Wednesday,False,3,False,True,839.0,5.53,0.8877,9.8,False,True,6.98,0.948,10.08,False,True,,,,
4445114986,4493,3.01,0.0,0.0,0.0,3.01,0.0,0.0,236.0,762.0,2203,2016-04-28,20,False,236.0,0.0,False,0.0,0.0,1.0,Thursday,False,3,False,True,762.0,6.98,0.948,10.08,False,True,1.77,0.9815,8.92,False,False,,,,
4445114986,4676,3.14,0.0,0.0,0.0,3.13,0.0,0.0,226.0,1106.0,2196,2016-04-29,15,False,226.0,0.0,False,0.0,0.0,1.0,Friday,False,3,False,False,,1.77,0.9815,8.92,False,False,5.37,0.9122,8.18,False,True,,,,
4445114986,6222,4.18,0.0,0.0,0.0,4.18,0.0,0.0,290.0,797.0,2363,2016-04-30,19,False,290.0,0.0,False,0.0,0.0,1.0,Saturday,True,3,False,True,797.0,5.37,0.9122,8.18,False,True,7.32,0.9564,8.3,False,True,,,,
4445114986,5232,3.51,0.0,0.0,0.0,3.51,0.0,0.0,240.0,741.0,2246,2016-05-01,19,False,240.0,0.0,False,0.0,0.0,1.0,Sunday,True,3,False,True,741.0,7.32,0.9564,8.3,False,True,8.38,0.928,8.2,False,True,,,,
4445114986,6910,4.75,0.0,2.21,0.19,2.35,27.0,4.0,200.0,667.0,2336,2016-05-02,18,False,231.0,31.0,False,0.4653,0.04,0.4947,Monday,False,3,False,True,667.0,8.38,0.928,8.2,False,True,5.05,0.9323,7.65,True,True,,,,
4445114986,7502,5.18,0.0,2.48,0.11,2.58,30.0,2.0,233.0,725.0,2421,2016-05-03,18,False,265.0,32.0,False,0.4797,0.0213,0.499,Tuesday,False,4,False,True,725.0,5.05,0.9323,7.65,True,True,3.27,0.9469,14.03,True,True,,,,
4445114986,2923,1.96,0.0,0.0,0.0,1.96,0.0,0.0,180.0,897.0,2070,2016-05-04,20,False,180.0,0.0,False,0.0,0.0,1.0,Wednesday,False,4,False,True,897.0,3.27,0.9469,14.03,True,True,7.7,0.9006,7.4,False,True,,,,
4445114986,3800,2.55,0.0,0.12,0.24,2.18,2.0,6.0,185.0,734.0,2120,2016-05-05,16,False,193.0,8.0,False,0.0472,0.0945,0.8583,Thursday,False,4,False,True,734.0,7.7,0.9006,7.4,False,True,4.57,0.9416,8.3,True,True,,,,
4445114986,4514,3.03,0.0,0.0,0.0,3.03,0.0,0.0,229.0,809.0,2211,2016-05-06,22,False,229.0,0.0,False,0.0,0.0,1.0,Friday,False,4,False,True,809.0,4.57,0.9416,8.3,True,True,4.0,0.9057,8.87,True,True,,,,
4445114986,5183,3.59,0.0,2.13,0.19,1.25,26.0,4.0,108.0,866.0,2123,2016-05-07,14,False,138.0,30.0,False,0.5966,0.0532,0.3501,Saturday,True,4,False,True,866.0,4.0,0.9057,8.87,True,True,6.02,0.9233,8.57,False,True,,,,
4445114986,7303,4.9,0.0,0.0,0.25,4.65,0.0,8.0,308.0,733.0,2423,2016-05-08,15,False,316.0,8.0,False,0.0,0.051,0.949,Sunday,True,4,False,True,733.0,6.02,0.9233,8.57,False,True,7.62,0.8574,6.85,False,True,,,,
4445114986,5275,3.54,0.0,0.0,0.0,3.54,0.0,0.0,266.0,641.0,2281,2016-05-09,21,False,266.0,0.0,False,0.0,0.0,1.0,Monday,False,4,False,True,641.0,7.62,0.8574,6.85,False,True,6.75,0.9507,8.95,False,True,,,,
4445114986,3915,2.63,0.0,0.0,0.0,2.63,0.0,0.0,231.0,783.0,2181,2016-05-10,21,False,231.0,0.0,False,0.0,0.0,1.0,Tuesday,False,5,False,True,783.0,6.75,0.9507,8.95,False,True,8.35,0.9453,7.38,False,True,,,,
4445114986,9105,6.11,0.0,2.25,1.0,2.86,34.0,22.0,232.0,622.0,2499,2016-05-11,17,False,288.0,56.0,False,0.3682,0.1637,0.4681,Wednesday,False,5,False,True,622.0,8.35,0.9453,7.38,False,True,8.05,0.9641,7.6,False,True,,,,
4558609924,5135,3.39,0.0,0.0,0.0,3.39,0.0,0.0,318.0,1122.0,1909,2016-04-12,17,False,318.0,0.0,False,0.0,0.0,1.0,Tuesday,False,1,False,False,,,,,,,,,,,,76.6,65.0,95.3,1.0
4558609924,6799,4.49,0.0,0.0,0.0,4.49,0.0,0.0,279.0,1161.0,1922,2016-04-14,14,False,279.0,0.0,False,0.0,0.0,1.0,Thursday,False,1,False,False,,,,,,,,,,,,81.6,65.0,101.0,4.0
4558609924,7795,5.15,0.0,0.59,0.84,3.73,17.0,30.0,262.0,1131.0,2121,2016-04-15,16,False,309.0,47.0,False,0.1143,0.1628,0.7229,Friday,False,1,False,False,,,,,,,,,,,,90.9,68.0,130.0,77.0
4558609924,7289,4.82,0.0,0.55,0.75,3.5,8.0,12.0,308.0,1112.0,1997,2016-04-16,17,False,328.0,20.0,False,0.1146,0.1562,0.7292,Saturday,True,1,False,False,,,,,,,,,,,,76.3,62.0,105.2,9.0
4558609924,9634,6.4,0.0,0.55,1.14,4.71,7.0,19.0,304.0,1110.0,2117,2016-04-17,16,False,330.0,26.0,False,0.0859,0.1781,0.7359,Sunday,True,1,False,False,,,,,,,,,,,,83.2,68.0,107.0,19.0
4558609924,8940,5.91,0.0,0.98,0.93,4.0,14.0,15.0,331.0,1080.0,2116,2016-04-18,16,False,360.0,29.0,False,0.1658,0.1574,0.6768,Monday,False,1,False,False,,,,,,,,,,,,80.5,63.0,105.0,21.0
4558609924,5401,3.57,0.0,0.05,0.36,3.16,1.0,9.0,248.0,1182.0,1876,2016-04-19,12,False,258.0,10.0,False,0.014,0.1008,0.8852,Tuesday,False,2,False,False,,,,,,,,,,,,83.1,70.0,109.0,10.0
4558609924,4803,3.17,0.0,0.0,0.0,3.17,0.0,0.0,222.0,1218.0,1788,2016-04-20,15,False,222.0,0.0,False,0.0,0.0,1.0,Wednesday,False,2,False,False,,,,,,,2.1,0.9197,6.1,False,False,76.9,63.0,99.0,5.0
4558609924,13743,9.08,0.0,0.42,0.97,7.7,6.0,21.0,432.0,844.0,2486,2016-04-21,19,False,459.0,27.0,True,0.0462,0.1067,0.8471,Thursday,False,2,False,False,,2.1,0.9197,6.1,False,False,,,,,,85.7,62.0,115.0,124.0
4558609924,9601,6.35,0.0,1.37,1.5,3.47,20.0,25.0,273.0,1122.0,2094,2016-04-22,17,False,318.0,45.0,False,0.2161,0.2366,0.5473,Friday,False,2,False,False,,,,,,,,,,,,82.6,65.0,111.0,55.0
4558609924,6890,4.55,0.0,0.34,0.2,4.01,5.0,5.0,308.0,1122.0,2085,2016-04-23,17,False,318.0,10.0,False,0.0747,0.044,0.8813,Saturday,True,2,False,False,,,,,,,,,,,,85.9,68.0,116.0,75.0
4558609924,8563,5.66,0.0,0.0,0.0,5.65,0.0,0.0,395.0,1045.0,2173,2016-04-24,16,False,395.0,0.0,False,0.0,0.0,1.0,Sunday,True,2,False,False,,,,,,,,,,,,84.0,69.0,107.0,26.0
4558609924,8095,5.35,0.0,0.59,0.25,4.51,18.0,10.0,340.0,993.0,2225,2016-04-25,16,False,368.0,28.0,False,0.1103,0.0467,0.843,Monday,False,2,False,False,,,,,,,1.72,0.8512,4.68,False,False,82.5,63.0,144.0,60.0
4558609924,9148,6.05,0.0,0.43,2.03,3.59,12.0,41.0,283.0,1062.0,2223,2016-04-26,16,False,336.0,53.0,False,0.0711,0.3355,0.5934,Tuesday,False,3,False,False,,1.72,0.8512,4.68,False,False,,,,,,91.3,70.0,134.0,126.0
4558609924,9557,6.32,0.0,1.96,0.89,3.46,27.0,14.0,312.0,1087.0,2098,2016-04-27,15,False,353.0,41.0,False,0.3106,0.141,0.5483,Wednesday,False,3,False,False,,,,,,,,,,,,84.6,68.0,110.0,21.0
4558609924,9451,6.25,0.0,0.02,0.27,5.95,1.0,11.0,367.0,985.0,2185,2016-04-28,18,False,379.0,12.0,False,0.0032,0.0433,0.9535,Thursday,False,3,False,False,,,,,,,2.85,0.9553,4.73,False,False,85.6,67.0,123.0,49.0
4558609924,7833,5.18,0.0,1.02,1.85,2.31,15.0,29.0,197.0,1096.0,1918,2016-04-29,15,False,241.0,44.0,False,0.1969,0.3571,0.4459,Friday,False,3,False,False,,2.85,0.9553,4.73,False,False,,,,,,80.6,59.0,129.0,35.0
4558609924,10319,6.82,0.0,0.47,1.89,4.46,7.0,29.0,293.0,1111.0,2105,2016-04-30,19,False,329.0,36.0,True,0.0689,0.2771,0.654,Saturday,True,3,False,False,,,,,,,1.92,0.8915,2.53,False,False,79.2,60.0,114.0,26.0
4558609924,3428,2.27,0.0,0.0,0.0,2.27,0.0,0.0,190.0,1121.0,1692,2016-05-01,13,False,190.0,0.0,False,0.0,0.0,1.0,Sunday,True,3,False,False,,1.92,0.8915,2.53,False,False,,,,,,70.8,57.0,95.0,1.0
4558609924,7891,5.22,0.0,0.0,0.0,5.22,0.0,0.0,383.0,1057.0,2066,2016-05-02,16,False,383.0,0.0,False,0.0,0.0,1.0,Monday,False,3,False,False,,,,,,,,,,,,78.7,62.0,99.0,2.0
4558609924,5267,3.48,0.0,0.6,0.28,2.6,21.0,10.0,237.0,1172.0,1953,2016-05-03,18,False,268.0,31.0,False,0.1724,0.0805,0.7471,Tuesday,False,4,False,False,,,,,,,,,,,,82.5,56.0,138.0,39.0
4558609924,5232,3.46,0.0,0.0,0.0,3.46,0.0,0.0,252.0,1188.0,1842,2016-05-04,14,False,252.0,0.0,False,0.0,0.0,1.0,Wednesday,False,4,False,False,,,,,,,,,,,,76.8,64.0,99.0,7.0
4558609924,10611,7.01,0.0,1.01,0.5,5.51,14.0,8.0,370.0,1048.0,2262,2016-05-05,17,False,392.0,22.0,True,0.1439,0.0712,0.7849,Thursday,False,4,False,False,,,,,,,,,,,,81.9,59.0,109.0,45.0
4558609924,3755,2.48,0.0,0.0,0.0,2.48,0.0,0.0,202.0,1238.0,1722,2016-05-06,16,False,202.0,0.0,False,0.0,0.0,1.0,Friday,False,4,False,False,,,,,,,,,,,,71.9,57.0,94.0,1.0
4558609924,8237,5.44,0.0,1.61,1.0,2.83,23.0,16.0,233.0,1116.0,1973,2016-05-07,16,False,272.0,39.0,False,0.296,0.1838,0.5202,Saturday,True,4,False,False,,,,,,,2.05,0.9179,5.13,False,False,76.2,60.0,107.0,30.0
4558609924,11451,7.57,0.0,0.43,1.62,5.52,6.0,30.0,339.0,1065.0,2223,2016-05-09,17,False,375.0,36.0,True,0.0568,0.214,0.7292,Monday,False,4,False,False,,,,,,,,,,,,79.4,62.0,103.0,15.0
4558609924,6435,4.25,0.0,0.74,1.12,2.39,11.0,18.0,220.0,1191.0,1889,2016-05-10,15,False,249.0,29.0,False,0.1741,0.2635,0.5624,Tuesday,False,5,False,False,,,,,,,,,,,,75.8,57.0,132.0,15.0
4558609924,9108,6.02,0.0,0.26,1.82,3.94,4.0,31.0,324.0,1081.0,2131,2016-05-11,17,False,359.0,35.0,False,0.0432,0.3023,0.6545,Wednesday,False,5,False,False,,,,,,,,,,,,74.9,59.0,108.0,22.0
4702921684,7213,5.88,0.0,0.0,0.0,5.85,0.0,0.0,263.0,718.0,2947,2016-04-12,18,False,263.0,0.0,False,0.0,0.0,1.0,Tuesday,False,1,False,True,718.0,7.08,0.9681,5.15,False,True,6.67,0.9302,4.83,False,True,,,,
4702921684,6877,5.58,0.0,0.0,0.0,5.58,0.0,0.0,258.0,777.0,2898,2016-04-13,19,False,258.0,0.0,False,0.0,0.0,1.0,Wednesday,False,1,False,True,777.0,6.67,0.9302,4.83,False,True,6.4,0.9253,5.25,False,True,,,,
4702921684,7860,6.37,0.0,0.0,0.0,6.37,0.0,0.0,271.0,772.0,2984,2016-04-14,17,False,271.0,0.0,False,0.0,0.0,1.0,Thursday,False,1,False,True,772.0,6.4,0.9253,5.25,False,True,4.22,0.9844,5.57,False,True,,,,
4702921684,6506,5.28,0.0,0.07,0.42,4.79,1.0,8.0,256.0,944.0,2896,2016-04-15,16,False,265.0,9.0,False,0.0133,0.0795,0.9072,Friday,False,1,False,True,944.0,4.22,0.9844,5.57,False,True,6.37,0.9409,6.12,False,True,,,,
4702921684,11140,9.03,0.0,0.24,1.25,7.54,3.0,24.0,335.0,556.0,3328,2016-04-16,17,False,362.0,27.0,True,0.0266,0.1384,0.835,Saturday,True,1,False,True,556.0,6.37,0.9409,6.12,False,True,9.85,0.9657,4.07,False,True,,,,
4702921684,12692,10.29,0.0,0.96,3.46,5.88,12.0,66.0,302.0,437.0,3394,2016-04-17,14,False,380.0,78.0,True,0.0932,0.3359,0.5709,Sunday,True,1,False,True,437.0,9.85,0.9657,4.07,False,True,4.88,0.9391,3.88,False,True,,,,
4702921684,9105,7.38,0.0,1.82,1.49,4.07,22.0,30.0,191.0,890.0,3013,2016-04-18,15,False,243.0,52.0,False,0.2466,0.2019,0.5515,Monday,False,1,False,True,890.0,4.88,0.9391,3.88,False,True,7.62,0.9384,3.97,False,True,,,,
4702921684,6708,5.44,0.0,0.88,0.37,4.19,10.0,8.0,179.0,757.0,2812,2016-04-19,16,False,197.0,18.0,False,0.1618,0.068,0.7702,Tuesday,False,2,False,True,757.0,7.62,0.9384,3.97,False,True,7.57,0.9701,3.98,False,True,,,,
4702921684,8793,7.13,0.0,0.16,1.23,5.73,2.0,29.0,260.0,717.0,3061,2016-04-20,19,False,291.0,31.0,False,0.0225,0.1728,0.8048,Wednesday,False,2,False,True,717.0,7.57,0.9701,3.98,False,True,7.08,0.9793,4.6,False,True,,,,
4702921684,6530,5.3,0.0,0.31,2.05,2.94,4.0,41.0,144.0,901.0,2729,2016-04-21,14,False,189.0,45.0,False,0.0585,0.3868,0.5547,Thursday,False,2,False,True,901.0,7.08,0.9793,4.6,False,True,,,,,,,,,
4702921684,15126,12.27,0.0,0.76,3.24,8.27,9.0,66.0,408.0,469.0,3691,2016-04-23,16,False,483.0,75.0,True,0.0619,0.2641,0.674,Saturday,True,2,False,True,469.0,7.75,0.9789,5.55,False,True,8.0,0.9486,5.35,False,True,,,,
4702921684,15050,12.22,0.0,1.2,5.12,5.88,15.0,95.0,281.0,542.0,3538,2016-04-24,18,False,391.0,110.0,True,0.0984,0.4197,0.482,Sunday,True,2,False,True,542.0,8.0,0.9486,5.35,False,True,6.17,0.9737,5.33,False,True,,,,
4702921684,9167,7.43,0.0,0.49,0.82,6.11,6.0,15.0,270.0,730.0,3064,2016-04-25,18,False,291.0,21.0,False,0.066,0.1105,0.8235,Monday,False,2,False,True,730.0,6.17,0.9737,5.33,False,True,7.02,0.9814,4.68,False,True,,,,
4702921684,6108,4.95,0.0,0.07,0.35,4.54,1.0,8.0,216.0,765.0,2784,2016-04-26,15,False,225.0,9.0,False,0.0141,0.0706,0.9153,Tuesday,False,3,False,True,765.0,7.02,0.9814,4.68,False,True,7.23,0.9666,4.33,False,True,,,,
4702921684,7047,5.72,0.0,0.09,0.8,4.78,1.0,16.0,238.0,733.0,2908,2016-04-27,18,False,255.0,17.0,False,0.0159,0.1411,0.843,Wednesday,False,3,False,True,733.0,7.23,0.9666,4.33,False,True,7.37,0.9588,4.28,False,True,,,,
4702921684,9023,7.32,0.0,1.13,0.42,5.77,14.0,9.0,232.0,738.0,3033,2016-04-28,18,False,255.0,23.0,False,0.1544,0.0574,0.7883,Thursday,False,3,False,True,738.0,7.37,0.9588,4.28,False,True,7.22,0.9687,4.52,False,True,,,,
4702921684,9930,8.05,0.0,1.06,0.92,6.07,12.0,19.0,267.0,692.0,3165,2016-04-29,17,False,298.0,31.0,False,0.1317,0.1143,0.754,Friday,False,3,False,True,692.0,7.22,0.9687,4.52,False,True,7.98,0.9561,4.47,False,True,,,,
4702921684,10144,8.23,0.0,0.32,2.03,5.88,4.0,36.0,263.0,728.0,3115,2016-04-30,12,False,303.0,40.0,True,0.0389,0.2467,0.7145,Saturday,True,3,False,True,728.0,7.98,0.9561,4.47,False,True,,,,,,,,,
4702921684,7245,5.92,0.0,0.38,1.74,3.76,5.0,40.0,195.0,1131.0,2859,2016-05-02,11,False,240.0,45.0,False,0.0646,0.2959,0.6395,Monday,False,3,False,False,,,,,,,5.45,0.8767,4.85,False,True,,,,
4702921684,9454,7.67,0.0,0.0,0.0,7.67,0.0,0.0,313.0,729.0,3145,2016-05-03,20,False,313.0,0.0,False,0.0,0.0,1.0,Tuesday,False,4,False,True,729.0,5.45,0.8767,4.85,False,True,6.87,0.9493,4.43,False,True,,,,
4702921684,8161,6.62,0.0,0.34,0.73,5.54,4.0,15.0,251.0,757.0,3004,2016-05-04,16,False,270.0,19.0,False,0.0514,0.1104,0.8381,Wednesday,False,4,False,True,757.0,6.87,0.9493,4.43,False,True,6.9,0.9673,4.8,False,True,,,,
4702921684,8614,6.99,0.0,0.67,0.22,6.09,8.0,5.0,241.0,745.0,3006,2016-05-05,18,False,254.0,13.0,False,0.096,0.0315,0.8725,Thursday,False,4,False,True,745.0,6.9,0.9673,4.8,False,True,6.73,0.8998,4.58,False,True,,,,
4702921684,6943,5.63,0.0,0.08,0.66,4.87,1.0,16.0,207.0,682.0,2859,2016-05-06,19,False,224.0,17.0,False,0.0143,0.1176,0.8681,Friday,False,4,False,True,682.0,6.73,0.8998,4.58,False,True,8.67,0.9576,3.17,False,True,,,,
4702921684,14370,11.65,0.0,0.37,2.31,8.97,5.0,46.0,439.0,577.0,3683,2016-05-07,18,False,490.0,51.0,True,0.0318,0.1983,0.77,Saturday,True,4,False,True,577.0,8.67,0.9576,3.17,False,True,,,,,,,,,
4702921684,12857,10.43,0.0,0.68,6.21,3.54,9.0,125.0,192.0,1019.0,3287,2016-05-08,14,False,326.0,134.0,True,0.0652,0.5954,0.3394,Sunday,True,4,False,False,,,,,,,7.25,0.9498,4.42,False,True,,,,
4702921684,8232,6.68,0.0,0.0,0.57,6.1,0.0,12.0,253.0,746.0,2990,2016-05-09,17,False,265.0,12.0,False,0.0,0.0855,0.9145,Monday,False,4,False,True,746.0,7.25,0.9498,4.42,False,True,6.93,0.9652,4.9,False,True,,,,
4702921684,10613,8.61,0.0,0.08,1.88,6.65,1.0,37.0,262.0,701.0,3172,2016-05-10,17,False,300.0,38.0,True,0.0093,0.2184,0.7724,Tuesday,False,5,False,True,701.0,6.93,0.9652,4.9,False,True,5.9,0.9672,4.77,False,True,,,,
4702921684,9810,7.96,0.0,0.78,2.16,4.98,10.0,41.0,235.0,784.0,3069,2016-05-11,18,False,286.0,51.0,False,0.0985,0.2727,0.6288,Wednesday,False,5,False,True,784.0,5.9,0.9672,4.77,False,True,6.73,0.914,4.7,False,True,,,,
5553957443,11596,7.57,0.0,1.37,0.79,5.41,19.0,13.0,277.0,767.0,2026,2016-04-12,18,False,309.0,32.0,True,0.181,0.1044,0.7147,Tuesday,False,1,False,True,767.0,7.35,0.9504,4.33,False,True,6.62,0.9363,6.32,True,True,64.4,56.0,96.0,1.0
5553957443,4832,3.16,0.0,0.0,0.0,3.16,0.0,0.0,226.0,647.0,1718,2016-04-13,16,False,226.0,0.0,False,0.0,0.0,1.0,Wednesday,False,1,False,True,647.0,6.62,0.9363,6.32,True,True,5.95,0.8541,4.68,False,True,61.5,52.0,80.0,0.0
5553957443,17022,11.12,0.0,4.0,2.45,4.67,61.0,41.0,256.0,693.0,2324,2016-04-14,21,False,358.0,102.0,True,0.3597,0.2203,0.42,Thursday,False,1,False,True,693.0,5.95,0.8541,4.68,False,True,6.28,0.9218,5.18,False,True,72.6,56.0,128.0,37.0
5553957443,16556,10.86,0.0,4.16,1.98,4.71,58.0,38.0,239.0,689.0,2254,2016-04-15,20,False,335.0,96.0,True,0.3834,0.1825,0.4341,Friday,False,1,False,True,689.0,6.28,0.9218,5.18,False,True,10.85,0.949,5.08,False,True,69.0,55.0,117.0,28.0
5553957443,5771,3.77,0.0,0.0,0.0,3.77,0.0,0.0,288.0,521.0,1831,2016-04-16,21,False,288.0,0.0,False,0.0,0.0,1.0,Saturday,True,1,False,True,521.0,10.85,0.949,5.08,False,True,5.83,0.8706,8.32,False,True,66.0,57.0,84.0,0.0
5553957443,3727,2.43,0.0,0.0,0.0,2.43,0.0,0.0,206.0,622.0,1683,2016-04-18,18,False,206.0,0.0,False,0.0,0.0,1.0,Monday,False,1,False,True,622.0,7.22,0.9622,5.18,True,True,5.95,0.8707,4.0,False,True,65.4,56.0,84.0,0.0
5553957443,15482,10.11,0.0,4.28,1.66,4.18,69.0,28.0,249.0,756.0,2284,2016-04-19,19,False,346.0,97.0,True,0.4229,0.164,0.413,Tuesday,False,2,False,True,756.0,5.95,0.8707,4.0,False,True,10.97,0.9705,5.2,False,True,74.9,56.0,125.0,49.0
5553957443,2713,1.77,0.0,0.0,0.0,1.77,0.0,0.0,148.0,598.0,1570,2016-04-20,20,False,148.0,0.0,False,0.0,0.0,1.0,Wednesday,False,2,False,True,598.0,10.97,0.9705,5.2,False,True,6.65,0.9258,4.93,False,True,60.0,52.0,77.0,0.0
5553957443,12346,8.06,0.0,2.95,2.16,2.96,47.0,42.0,177.0,801.0,2066,2016-04-21,18,False,266.0,89.0,True,0.3656,0.2677,0.3668,Thursday,False,2,False,True,801.0,6.65,0.9258,4.93,False,True,5.37,0.9122,5.92,False,True,71.3,53.0,122.0,34.0
5553957443,11682,7.63,0.0,1.38,0.63,5.6,25.0,16.0,270.0,781.0,2105,2016-04-22,20,False,311.0,41.0,True,0.1813,0.0828,0.7359,Friday,False,2,False,True,781.0,5.37,0.9122,5.92,False,True,8.9,0.8711,6.65,True,True,70.4,56.0,123.0,29.0
5553957443,4112,2.69,0.0,0.0,0.0,2.68,0.0,0.0,272.0,443.0,1776,2016-04-23,19,False,272.0,0.0,False,0.0,0.0,1.0,Saturday,True,2,False,True,443.0,8.9,0.8711,6.65,True,True,8.07,0.8521,6.75,True,True,67.1,58.0,85.0,0.0
5553957443,1807,1.18,0.0,0.0,0.0,1.18,0.0,0.0,104.0,582.0,1507,2016-04-24,19,False,104.0,0.0,False,0.0,0.0,1.0,Sunday,True,2,False,True,582.0,8.07,0.8521,6.75,True,True,7.22,0.9252,4.1,False,True,64.0,57.0,80.0,0.0
5553957443,10946,7.19,0.0,2.93,0.57,3.69,51.0,11.0,201.0,732.0,2033,2016-04-25,18,False,263.0,62.0,True,0.4075,0.0793,0.5132,Monday,False,2,False,True,732.0,7.22,0.9252,4.1,False,True,6.87,0.9095,4.48,False,True,72.0,57.0,124.0,38.0
5553957443,11886,7.76,0.0,2.37,0.93,4.46,40.0,18.0,238.0,750.0,2093,2016-04-26,19,False,296.0,58.0,True,0.3054,0.1198,0.5747,Tuesday,False,3,False,True,750.0,6.87,0.9095,4.48,False,True,5.78,0.8875,5.47,False,True,73.0,58.0,123.0,34.0
5553957443,10538,6.88,0.0,1.14,1.0,4.74,16.0,16.0,206.0,745.0,1922,2016-04-27,19,False,238.0,32.0,True,0.1657,0.1453,0.689,Wednesday,False,3,False,True,745.0,5.78,0.8875,5.47,False,True,7.02,0.9212,4.38,False,True,65.1,56.0,93.0,1.0
5553957443,11393,7.63,0.0,3.71,0.75,3.17,49.0,13.0,165.0,727.0,1999,2016-04-28,19,False,227.0,62.0,True,0.4862,0.0983,0.4155,Thursday,False,3,False,True,727.0,7.02,0.9212,4.38,False,True,7.5,0.9091,3.92,False,True,71.1,55.0,136.0,41.0
5553957443,12764,8.33,0.0,2.79,0.64,4.91,46.0,15.0,270.0,709.0,2169,2016-04-29,20,False,331.0,61.0,True,0.3345,0.0767,0.5887,Friday,False,3,False,True,709.0,7.5,0.9091,3.92,False,True,11.1,0.9199,5.52,True,True,73.1,56.0,121.0,54.0
5553957443,1202,0.78,0.0,0.0,0.0,0.78,0.0,0.0,84.0,506.0,1463,2016-04-30,15,False,84.0,0.0,False,0.0,0.0,1.0,Saturday,True,3,False,True,506.0,11.1,0.9199,5.52,True,True,9.22,0.9021,5.4,True,True,65.8,59.0,80.0,0.0
5553957443,5164,3.37,0.0,0.0,0.0,3.37,0.0,0.0,237.0,436.0,1747,2016-05-01,16,False,237.0,0.0,False,0.0,0.0,1.0,Sunday,True,3,False,True,436.0,9.22,0.9021,5.4,True,True,6.82,0.8684,4.05,False,True,66.5,55.0,87.0,0.0
5553957443,9769,6.38,0.0,1.06,0.41,4.9,23.0,9.0,227.0,724.0,1996,2016-05-02,19,False,259.0,32.0,False,0.1664,0.0644,0.7692,Monday,False,3,False,True,724.0,6.82,0.8684,4.05,False,True,6.33,0.8858,4.28,False,True,72.6,57.0,121.0,46.0
5553957443,12848,8.39,0.0,1.5,1.2,5.68,26.0,29.0,247.0,812.0,2116,2016-05-03,21,False,302.0,55.0,True,0.179,0.1432,0.6778,Tuesday,False,4,False,True,812.0,6.33,0.8858,4.28,False,True,7.45,0.9511,6.5,False,True,70.0,56.0,128.0,40.0
5553957443,4249,2.77,0.0,0.0,0.0,2.77,0.0,0.0,224.0,651.0,1698,2016-05-04,18,False,224.0,0.0,False,0.0,0.0,1.0,Wednesday,False,4,False,True,651.0,7.45,0.9511,6.5,False,True,6.98,0.903,4.42,False,True,61.7,53.0,80.4,0.0
5553957443,14331,9.51,0.0,3.43,1.66,4.43,44.0,29.0,241.0,692.0,2156,2016-05-05,20,False,314.0,73.0,True,0.3603,0.1744,0.4653,Thursday,False,4,False,True,692.0,6.98,0.903,4.42,False,True,6.67,0.9217,4.92,False,True,69.4,55.0,122.0,44.0
5553957443,9632,6.29,0.0,1.52,0.54,4.23,21.0,9.0,229.0,761.0,1916,2016-05-06,19,False,259.0,30.0,False,0.2417,0.0859,0.6725,Friday,False,4,False,True,761.0,6.67,0.9217,4.92,False,True,7.37,0.9404,5.15,False,True,63.2,56.0,96.0,0.0
5553957443,1868,1.22,0.0,0.0,0.0,1.22,0.0,0.0,96.0,902.0,1494,2016-05-07,10,False,96.0,0.0,False,0.0,0.0,1.0,Saturday,True,4,False,True,902.0,7.37,0.9404,5.15,False,True,9.47,0.9342,5.62,False,True,,,,
5553957443,6083,4.0,0.0,0.22,0.47,3.3,3.0,8.0,210.0,505.0,1762,2016-05-08,17,False,221.0,11.0,False,0.0551,0.1178,0.8271,Sunday,True,4,False,True,505.0,9.47,0.9342,5.62,False,True,7.55,0.917,3.85,False,True,65.6,57.0,93.0,1.0
5553957443,11611,7.58,0.0,2.13,0.89,4.56,59.0,22.0,251.0,667.0,2272,2016-05-09,19,False,332.0,81.0,True,0.281,0.1174,0.6016,Monday,False,4,False,True,667.0,7.55,0.917,3.85,False,True,6.97,0.9436,4.73,False,True,76.7,57.0,145.0,70.0
5553957443,16358,10.71,0.0,3.87,1.61,5.2,61.0,40.0,265.0,707.0,2335,2016-05-10,17,False,366.0,101.0,True,0.3624,0.1507,0.4869,Tuesday,False,5,False,True,707.0,6.97,0.9436,4.73,False,True,7.72,0.9527,6.33,False,True,76.8,59.0,126.0,72.0
5553957443,4926,3.22,0.0,0.0,0.0,3.22,0.0,0.0,195.0,628.0,1693,2016-05-11,18,False,195.0,0.0,False,0.0,0.0,1.0,Wednesday,False,5,False,True,628.0,7.72,0.9527,6.33,False,True,7.3,0.9221,3.82,False,True,65.4,59.0,91.0,0.0
5577150313,8135,6.08,0.0,3.6,0.38,2.1,86.0,16.0,140.0,728.0,3405,2016-04-12,18,False,242.0,102.0,False,0.5921,0.0625,0.3454,Tuesday,False,1,False,True,728.0,6.98,0.9566,4.68,False,True,7.2,0.9432,4.15,False,True,65.7,48.0,133.0,93.0
5577150313,5077,3.79,0.0,0.32,0.22,3.25,15.0,11.0,144.0,776.0,2551,2016-04-13,14,False,170.0,26.0,False,0.0844,0.058,0.8575,Wednesday,False,1,False,True,776.0,7.2,0.9432,4.15,False,True,7.95,0.9598,3.55,False,True,59.7,49.0,114.0,22.0
5577150313,8596,6.42,0.0,3.33,0.31,2.78,118.0,30.0,176.0,662.0,4022,2016-04-14,19,False,324.0,148.0,False,0.5187,0.0483,0.433,Thursday,False,1,False,True,662.0,7.95,0.9598,3.55,False,True,6.53,0.9492,4.27,False,True,76.8,49.0,150.0,148.0
5577150313,12087,9.08,0.0,3.92,1.6,3.56,115.0,54.0,199.0,695.0,4005,2016-04-15,22,False,368.0,169.0,True,0.4317,0.1762,0.3921,Friday,False,1,False,True,695.0,6.53,0.9492,4.27,False,True,6.77,0.9124,4.88,False,True,73.7,49.0,134.0,138.0
5577150313,14269,10.66,0.0,6.64,1.28,2.73,184.0,56.0,158.0,472.0,4274,2016-04-16,20,False,398.0,240.0,True,0.6235,0.1202,0.2563,Saturday,True,1,False,True,472.0,6.77,0.9124,4.88,False,True,9.15,0.9417,2.8,False,True,69.8,45.0,125.0,198.0
5577150313,12231,9.14,0.0,5.98,0.83,2.32,200.0,37.0,159.0,525.0,4552,2016-04-17,21,False,396.0,237.0,True,0.655,0.0909,0.2541,Sunday,True,1,False,True,525.0,9.15,0.9417,2.8,False,True,8.78,0.953,3.87,False,True,71.1,43.0,154.5,235.0
5577150313,9893,7.39,0.0,4.86,0.72,1.82,114.0,32.0,130.0,623.0,3625,2016-04-18,17,False,276.0,146.0,False,0.6568,0.0973,0.2459,Monday,False,1,False,True,623.0,8.78,0.953,3.87,False,True,7.48,0.9656,4.07,False,True,68.6,47.0,123.0,124.0
5577150313,12574,9.42,0.0,7.02,0.64,1.76,108.0,23.0,111.0,733.0,3501,2016-04-19,17,False,242.0,131.0,True,0.7452,0.0679,0.1868,Tuesday,False,2,False,True,733.0,7.48,0.9656,4.07,False,True,7.45,0.9312,4.07,False,True,70.5,53.0,134.0,77.0
5577150313,8330,6.22,0.0,4.12,0.34,1.76,87.0,16.0,113.0,773.0,3192,2016-04-20,19,False,216.0,103.0,False,0.6624,0.0547,0.283,Wednesday,False,2,False,True,773.0,7.45,0.9312,4.07,False,True,6.9,0.9474,4.55,False,True,69.2,50.0,123.0,86.0
5577150313,10830,8.09,0.0,3.65,1.66,2.78,110.0,74.0,175.0,670.0,4018,2016-04-21,19,False,359.0,184.0,True,0.4512,0.2052,0.3436,Thursday,False,2,False,True,670.0,6.9,0.9474,4.55,False,True,5.63,0.9235,5.0,False,True,72.3,49.0,128.0,148.0
5577150313,9172,6.85,0.0,2.42,0.79,3.3,62.0,30.0,200.0,823.0,3329,2016-04-22,21,False,292.0,92.0,False,0.3717,0.1214,0.5069,Friday,False,2,False,True,823.0,5.63,0.9235,5.0,False,True,6.4,0.9552,5.68,False,True,64.6,47.0,119.0,74.0
5577150313,7638,5.71,0.0,1.21,0.36,4.14,24.0,24.0,223.0,627.0,3152,2016-04-23,21,False,271.0,48.0,False,0.2119,0.063,0.725,Saturday,True,2,False,True,627.0,6.4,0.9552,5.68,False,True,9.05,0.8829,3.35,False,True,65.1,49.0,117.0,64.0
5577150313,15764,11.78,0.0,7.65,2.15,1.98,210.0,65.0,141.0,425.0,4392,2016-04-24,20,False,416.0,275.0,True,0.6494,0.1825,0.1681,Sunday,True,2,False,True,425.0,9.05,0.8829,3.35,False,True,7.02,0.9132,3.63,False,True,72.3,49.0,124.0,226.0
5577150313,6393,4.78,0.0,1.35,0.67,2.76,61.0,38.0,214.0,743.0,3374,2016-04-25,21,False,313.0,99.0,False,0.2824,0.1402,0.5774,Monday,False,2,False,True,743.0,7.02,0.9132,3.63,False,True,5.9,0.939,4.92,False,True,67.5,48.0,116.2,97.0
5577150313,5325,3.98,0.0,0.85,0.65,2.47,38.0,32.0,181.0,759.0,3088,2016-04-26,19,False,251.0,70.0,False,0.2141,0.1637,0.6222,Tuesday,False,3,False,True,759.0,5.9,0.939,4.92,False,True,7.07,0.9381,4.03,False,True,65.4,47.0,112.4,77.0
5577150313,6805,5.14,0.0,1.81,0.4,2.93,63.0,16.0,190.0,773.0,3294,2016-04-27,20,False,269.0,79.0,False,0.3521,0.0778,0.57,Wednesday,False,3,False,True,773.0,7.07,0.9381,4.03,False,True,6.02,0.9704,4.93,False,True,66.4,48.0,120.0,90.0
5577150313,9841,7.43,0.0,3.25,1.17,3.01,99.0,51.0,141.0,692.0,3580,2016-04-28,18,False,291.0,150.0,False,0.4374,0.1575,0.4051,Thursday,False,3,False,True,692.0,6.02,0.9704,4.93,False,True,7.65,0.9464,3.52,False,True,70.7,49.0,144.4,121.0
5577150313,7924,5.92,0.0,2.84,0.61,2.47,97.0,36.0,165.0,739.0,3544,2016-04-29,19,False,298.0,133.0,False,0.4797,0.103,0.4172,Friday,False,3,False,True,739.0,7.65,0.9464,3.52,False,True,6.87,0.9515,4.88,False,True,66.3,47.0,122.0,126.0
5577150313,12363,9.24,0.0,5.83,0.79,2.61,207.0,45.0,163.0,621.0,4501,2016-04-30,19,False,415.0,252.0,True,0.6316,0.0856,0.2828,Saturday,True,3,False,True,621.0,6.87,0.9515,4.88,False,True,6.32,0.9523,5.37,False,True,71.6,48.0,124.0,249.0
5577150313,13368,9.99,0.0,5.31,1.44,3.24,194.0,72.0,178.0,499.0,4546,2016-05-01,19,False,444.0,266.0,True,0.5315,0.1441,0.3243,Sunday,True,3,False,True,499.0,6.32,0.9523,5.37,False,True,7.18,0.9621,3.72,True,True,73.7,52.0,121.0,239.0
5577150313,7439,5.56,0.0,1.12,0.35,4.07,37.0,20.0,235.0,732.0,3014,2016-05-02,20,False,292.0,57.0,False,0.2022,0.0632,0.7347,Monday,False,3,False,True,732.0,7.18,0.9621,3.72,True,True,8.47,0.9355,18.42,False,True,64.6,46.0,120.0,54.0
5577150313,11045,8.25,0.0,4.52,0.15,3.57,97.0,8.0,212.0,580.0,3795,2016-05-03,20,False,317.0,105.0,True,0.5485,0.0182,0.4333,Tuesday,False,4,False,True,580.0,8.47,0.9355,18.42,False,True,10.05,0.9511,16.5,False,True,70.0,48.0,129.0,134.0
5577150313,5206,3.89,0.0,1.56,0.25,2.08,25.0,9.0,141.0,631.0,2755,2016-05-04,16,False,175.0,34.0,False,0.401,0.0643,0.5347,Wednesday,False,4,False,True,631.0,10.05,0.9511,16.5,False,True,,,,True,False,62.2,47.0,114.0,40.0
5577150313,7550,5.64,0.0,2.5,0.47,2.67,45.0,21.0,143.0,1153.0,3004,2016-05-05,13,False,209.0,66.0,False,0.4433,0.0833,0.4734,Thursday,False,4,False,False,,,,,True,False,,,,,,72.2,55.0,125.0,67.0
5577150313,4950,3.7,0.0,1.93,0.32,1.45,41.0,16.0,79.0,1304.0,2643,2016-05-06,10,False,136.0,57.0,False,0.5216,0.0865,0.3919,Friday,False,4,False,False,,,,,,,,,,,,,,,
5577150313,3421,2.56,0.0,1.43,0.14,0.99,34.0,11.0,70.0,1099.0,2489,2016-05-09,12,False,115.0,45.0,False,0.5586,0.0547,0.3867,Monday,False,4,False,False,,,,,,,8.4,0.8968,2.23,False,True,68.0,54.0,117.3,42.0
5577150313,8869,6.65,0.0,2.56,0.75,3.35,104.0,37.0,194.0,639.0,3841,2016-05-10,21,False,335.0,141.0,False,0.3844,0.1126,0.503,Tuesday,False,5,False,True,639.0,8.4,0.8968,2.23,False,True,7.18,0.9055,3.83,False,True,75.3,49.0,124.0,148.0
6117666160,14019,10.59,0.0,0.0,0.28,10.3,0.0,6.0,513.0,921.0,2865,2016-04-15,13,False,519.0,6.0,True,0.0,0.0265,0.9735,Friday,False,1,False,False,,,,,,,6.33,0.9548,6.77,False,True,97.9,79.0,120.0,297.0
6117666160,14450,10.91,0.0,0.58,0.85,9.48,7.0,15.0,518.0,502.0,2828,2016-04-16,20,False,540.0,22.0,True,0.0532,0.0779,0.8689,Saturday,True,1,False,True,502.0,6.33,0.9548,6.77,False,True,4.12,0.9537,9.37,True,True,87.0,66.0,118.0,158.0
6117666160,7150,5.4,0.0,0.0,0.0,5.4,0.0,0.0,312.0,702.0,2225,2016-04-17,19,False,312.0,0.0,False,0.0,0.0,1.0,Sunday,True,1,False,True,702.0,4.12,0.9537,9.37,True,True,8.22,0.9667,4.73,False,True,85.4,68.0,113.0,76.0
6117666160,5153,3.91,0.0,0.0,0.0,3.89,0.0,0.0,241.0,759.0,2018,2016-04-18,16,False,241.0,0.0,False,0.0,0.0,1.0,Monday,False,1,False,True,759.0,8.22,0.9667,4.73,False,True,7.75,0.9451,5.9,False,True,82.9,69.0,110.0,31.0
6117666160,11135,8.41,0.0,0.0,0.0,8.41,0.0,0.0,480.0,425.0,2606,2016-04-19,18,False,480.0,0.0,True,0.0,0.0,1.0,Tuesday,False,2,False,True,425.0,7.75,0.9451,5.9,False,True,7.9,0.9442,5.2,False,True,83.5,58.0,115.0,196.0
6117666160,10449,8.02,0.0,2.03,0.48,5.52,26.0,10.0,349.0,587.0,2536,2016-04-20,18,False,385.0,36.0,True,0.2528,0.0598,0.6874,Wednesday,False,2,False,True,587.0,7.9,0.9442,5.2,False,True,8.47,0.9236,5.78,False,True,85.5,60.0,168.0,119.0
6117666160,19542,15.01,0.0,0.98,0.4,5.62,11.0,19.0,294.0,579.0,4900,2016-04-21,17,False,324.0,30.0,True,0.14,0.0571,0.8029,Thursday,False,2,False,True,579.0,8.47,0.9236,5.78,False,True,8.27,0.9084,6.43,False,True,79.4,59.0,126.9,76.0
6117666160,8206,6.2,0.0,0.0,0.0,6.2,0.0,0.0,402.0,413.0,2409,2016-04-22,19,False,402.0,0.0,False,0.0,0.0,1.0,Friday,False,2,False,True,413.0,8.27,0.9084,6.43,False,True,8.23,0.9165,4.68,False,True,81.7,61.0,108.0,70.0
6117666160,11495,8.68,0.0,0.0,0.0,8.68,0.0,0.0,512.0,468.0,2651,2016-04-23,20,False,512.0,0.0,True,0.0,0.0,1.0,Saturday,True,2,False,True,468.0,8.23,0.9165,4.68,False,True,5.88,0.9619,8.07,False,True,81.8,61.0,110.0,59.0
6117666160,7623,5.76,0.0,0.0,0.0,5.76,0.0,0.0,362.0,711.0,2305,2016-04-24,15,False,362.0,0.0,False,0.0,0.0,1.0,Sunday,True,2,False,True,711.0,5.88,0.9619,8.07,False,True,,,,,,84.2,67.0,111.0,73.0
6117666160,9543,7.21,0.0,0.0,0.34,6.87,0.0,7.0,352.0,1077.0,2450,2016-04-26,17,False,359.0,7.0,False,0.0,0.0472,0.9528,Tuesday,False,3,False,False,,,,,,,9.03,0.9731,5.93,False,True,90.6,72.0,117.0,174.0
6117666160,9411,7.11,0.0,0.0,0.0,7.11,0.0,0.0,458.0,417.0,2576,2016-04-27,16,False,458.0,0.0,False,0.0,0.0,1.0,Wednesday,False,3,False,True,417.0,9.03,0.9731,5.93,False,True,6.55,0.9447,5.8,False,True,83.1,60.0,114.0,196.0
6117666160,3403,2.6,0.0,0.0,0.0,2.6,0.0,0.0,141.0,758.0,1879,2016-04-28,13,False,141.0,0.0,False,0.0,0.0,1.0,Thursday,False,3,False,True,758.0,6.55,0.9447,5.8,False,True,10.0,0.9434,3.72,False,True,80.1,61.0,111.0,44.0
6117666160,9592,7.24,0.0,0.0,0.0,7.24,0.0,0.0,461.0,479.0,2560,2016-04-29,16,False,461.0,0.0,False,0.0,0.0,1.0,Friday,False,3,False,True,479.0,10.0,0.9434,3.72,False,True,,,,,,82.2,62.0,113.0,114.0
6117666160,6987,5.28,0.0,0.0,0.0,5.28,0.0,0.0,343.0,1040.0,2275,2016-04-30,14,False,343.0,0.0,False,0.0,0.0,1.0,Saturday,True,3,False,False,,,,,,,8.45,0.8817,5.05,False,True,85.3,67.0,114.0,57.0
6117666160,8915,6.73,0.0,0.0,0.0,6.73,0.0,0.0,397.0,525.0,2361,2016-05-01,15,False,397.0,0.0,False,0.0,0.0,1.0,Sunday,True,3,False,True,525.0,8.45,0.8817,5.05,False,True,,,,,,77.4,64.0,106.0,25.0
6117666160,9799,7.4,0.0,0.0,0.0,7.4,0.0,0.0,487.0,479.0,2636,2016-05-05,18,False,487.0,0.0,False,0.0,0.0,1.0,Thursday,False,4,False,True,479.0,6.53,0.9446,5.92,False,True,9.72,0.9511,4.93,True,True,84.7,59.0,112.0,194.0
6117666160,3365,2.68,0.0,0.0,0.0,2.68,0.0,0.0,133.0,673.0,1838,2016-05-06,11,False,133.0,0.0,False,0.0,0.0,1.0,Friday,False,4,False,True,673.0,9.72,0.9511,4.93,True,True,6.73,0.9854,7.02,True,True,76.6,62.0,105.0,7.0
6117666160,7336,5.54,0.0,0.0,0.0,5.54,0.0,0.0,412.0,456.0,2469,2016-05-07,17,False,412.0,0.0,False,0.0,0.0,1.0,Saturday,True,4,False,True,456.0,6.73,0.9854,7.02,True,True,9.25,0.9204,4.92,False,True,83.9,63.0,114.0,192.0
6117666160,7328,5.53,0.0,0.0,0.0,5.53,0.0,0.0,318.0,517.0,2250,2016-05-08,16,False,318.0,0.0,False,0.0,0.0,1.0,Sunday,True,4,False,True,517.0,9.25,0.9204,4.92,False,True,8.2,0.9425,4.88,False,True,81.1,62.0,109.0,58.0
6290855005,4562,3.45,0.0,0.0,0.0,3.45,0.0,0.0,199.0,1241.0,2560,2016-04-12,11,False,199.0,0.0,False,0.0,0.0,1.0,Tuesday,False,1,False,False,,,,,,,,,,,,,,,
6290855005,7142,5.4,0.0,0.0,0.0,5.39,0.0,0.0,350.0,1090.0,2905,2016-04-13,15,False,350.0,0.0,False,0.0,0.0,1.0,Wednesday,False,1,False,False,,,,,,,,,,,,,,,
6290855005,7671,5.8,0.0,0.0,0.0,5.77,0.0,0.0,363.0,1077.0,2952,2016-04-14,17,False,363.0,0.0,False,0.0,0.0,1.0,Thursday,False,1,False,False,,,,,,,,,,,,,,,
6290855005,9501,7.18,0.0,0.0,0.0,7.17,0.0,0.0,328.0,1112.0,2896,2016-04-15,17,False,328.0,0.0,False,0.0,0.0,1.0,Friday,False,1,False,False,,,,,,,,,,,,,,,
6290855005,8301,6.28,0.0,0.0,0.0,6.27,0.0,0.0,258.0,1182.0,2783,2016-04-16,12,False,258.0,0.0,False,0.0,0.0,1.0,Saturday,True,1,False,False,,,,,,,,,,,,,,,
6290855005,7851,5.94,0.0,1.14,0.79,4.0,31.0,12.0,225.0,1172.0,3171,2016-04-17,13,False,268.0,43.0,False,0.1922,0.1332,0.6745,Sunday,True,1,False,False,,,,,,,,,,,,,,,
6290855005,6885,5.21,0.0,0.0,0.0,5.19,0.0,0.0,271.0,1169.0,2766,2016-04-18,12,False,271.0,0.0,False,0.0,0.0,1.0,Monday,False,1,False,False,,,,,,,,,,,,,,,
6290855005,7142,5.4,0.0,0.0,0.0,5.39,0.0,0.0,321.0,1119.0,2839,2016-04-19,15,False,321.0,0.0,False,0.0,0.0,1.0,Tuesday,False,2,False,False,,,,,,,,,,,,,,,
6290855005,6361,4.81,0.0,0.0,0.0,4.8,0.0,0.0,258.0,1182.0,2701,2016-04-20,12,False,258.0,0.0,False,0.0,0.0,1.0,Wednesday,False,2,False,False,,,,,,,,,,,,,,,
6290855005,6238,4.72,0.0,0.0,0.0,4.72,0.0,0.0,302.0,1138.0,2796,2016-04-22,13,False,302.0,0.0,False,0.0,0.0,1.0,Friday,False,2,False,False,,,,,,,,,,,,,,,
6290855005,5896,4.46,0.0,0.0,0.0,4.46,0.0,0.0,258.0,1182.0,2703,2016-04-24,13,False,258.0,0.0,False,0.0,0.0,1.0,Sunday,True,2,False,False,,,,,,,,,,,,,,,
6290855005,7802,5.9,0.0,0.68,0.18,5.03,8.0,3.0,249.0,1180.0,2771,2016-04-25,12,False,260.0,11.0,False,0.1154,0.0306,0.854,Monday,False,2,False,False,,,,,,,,,,,,,,,
6290855005,5565,4.21,0.0,0.0,0.0,4.18,0.0,0.0,287.0,1153.0,2743,2016-04-27,13,False,287.0,0.0,False,0.0,0.0,1.0,Wednesday,False,3,False,False,,,,,,,,,,,,,,,
6290855005,5731,4.33,0.0,0.0,0.0,4.33,0.0,0.0,255.0,1185.0,2687,2016-04-28,12,False,255.0,0.0,False,0.0,0.0,1.0,Thursday,False,3,False,False,,,,,,,,,,,,,,,
6290855005,6744,5.1,0.0,0.0,0.0,5.09,0.0,0.0,324.0,1116.0,2843,2016-04-30,10,False,324.0,0.0,False,0.0,0.0,1.0,Saturday,True,3,False,False,,,,,,,,,,,,,,,
6290855005,9837,7.44,0.0,0.66,2.75,4.0,8.0,95.0,282.0,1055.0,3327,2016-05-01,12,False,385.0,103.0,False,0.0891,0.3711,0.5398,Sunday,True,3,False,False,,,,,,,,,,,,,,,
6290855005,6781,5.13,0.0,0.0,0.0,5.11,0.0,0.0,268.0,1172.0,2725,2016-05-02,12,False,268.0,0.0,False,0.0,0.0,1.0,Monday,False,3,False,False,,,,,,,,,,,,,,,
6290855005,6047,4.57,0.0,0.0,0.0,4.57,0.0,0.0,240.0,1200.0,2671,2016-05-03,12,False,240.0,0.0,False,0.0,0.0,1.0,Tuesday,False,4,False,False,,,,,,,,,,,,,,,
6290855005,5832,4.41,0.0,0.0,0.0,4.4,0.0,0.0,272.0,1168.0,2718,2016-05-04,14,False,272.0,0.0,False,0.0,0.0,1.0,Wednesday,False,4,False,False,,,,,,,,,,,,,,,
6290855005,6339,4.79,0.0,0.0,0.0,4.79,0.0,0.0,239.0,1201.0,2682,2016-05-05,14,False,239.0,0.0,False,0.0,0.0,1.0,Thursday,False,4,False,False,,,,,,,,,,,,,,,
6290855005,6116,4.62,0.0,0.0,0.0,4.59,0.0,0.0,305.0,1135.0,2806,2016-05-06,16,False,305.0,0.0,False,0.0,0.0,1.0,Friday,False,4,False,False,,,,,,,,,,,,,,,
6290855005,5510,4.17,0.0,0.0,0.0,4.16,0.0,0.0,227.0,1213.0,2613,2016-05-07,10,False,227.0,0.0,False,0.0,0.0,1.0,Saturday,True,4,False,False,,,,,,,,,,,,,,,
6290855005,7706,5.83,0.0,0.0,0.0,5.82,0.0,0.0,251.0,1189.0,2712,2016-05-08,11,False,251.0,0.0,False,0.0,0.0,1.0,Sunday,True,4,False,False,,,,,,,,,,,,,,,
6290855005,6277,4.75,0.0,0.0,0.0,4.73,0.0,0.0,264.0,800.0,2175,2016-05-09,11,False,264.0,0.0,False,0.0,0.0,1.0,Monday,False,4,False,False,,,,,,,,,,,,,,,
6775888955,4053,2.91,0.0,1.11,0.58,1.22,17.0,18.0,85.0,1053.0,2400,2016-04-13,12,False,120.0,35.0,False,0.3814,0.1993,0.4192,Wednesday,False,1,False,True,1053.0,3.92,0.9038,8.82,False,True,7.05,0.9592,5.88,False,True,82.7,62.5,120.3,87.0
6775888955,5162,3.7,0.0,0.87,0.86,1.97,14.0,24.0,105.0,863.0,2507,2016-04-14,12,False,143.0,38.0,False,0.2351,0.2324,0.5324,Thursday,False,1,False,True,863.0,7.05,0.9592,5.88,False,True,6.52,0.9631,6.18,False,True,79.3,64.0,121.0,109.0
6775888955,10771,7.72,0.0,3.77,1.74,2.22,70.0,113.0,178.0,1079.0,3727,2016-04-20,13,False,361.0,183.0,True,0.4877,0.2251,0.2872,Wednesday,False,2,False,False,,,,,,,,,,,,105.6,84.0,132.0,411.0
6962181067,10199,6.74,0.0,3.4,0.83,2.51,50.0,14.0,189.0,796.0,1994,2016-04-12,17,False,253.0,64.0,True,0.5045,0.1231,0.3724,Tuesday,False,1,False,True,796.0,6.1,0.9457,6.38,False,True,10.5,0.9278,5.93,False,True,85.0,65.0,136.0,87.0
6962181067,5652,3.74,0.0,0.57,1.21,1.96,8.0,24.0,142.0,548.0,1718,2016-04-13,18,False,174.0,32.0,False,0.1524,0.3235,0.5241,Wednesday,False,1,False,True,548.0,10.5,0.9278,5.93,False,True,8.47,0.9495,5.28,False,True,80.5,69.0,114.0,54.0
6962181067,1551,1.03,0.0,0.0,0.0,1.03,0.0,0.0,86.0,862.0,1466,2016-04-14,18,False,86.0,0.0,False,0.0,0.0,1.0,Thursday,False,1,False,True,862.0,8.47,0.9495,5.28,False,True,6.17,0.9585,6.38,False,True,70.1,63.0,96.0,6.0
6962181067,5563,3.68,0.0,0.0,0.0,3.68,0.0,0.0,217.0,837.0,1756,2016-04-15,17,False,217.0,0.0,False,0.0,0.0,1.0,Friday,False,1,False,True,837.0,6.17,0.9585,6.38,False,True,5.95,0.9754,7.6,False,True,73.0,59.0,107.0,33.0
6962181067,13217,8.74,0.0,3.66,0.19,4.88,50.0,3.0,280.0,741.0,2173,2016-04-16,19,False,333.0,53.0,True,0.4192,0.0218,0.559,Saturday,True,1,False,True,741.0,5.95,0.9754,7.6,False,True,7.12,0.9574,6.1,False,True,82.0,61.0,126.0,92.0
6962181067,10145,6.71,0.0,0.33,0.68,5.69,5.0,13.0,295.0,634.0,2027,2016-04-17,16,False,313.0,18.0,True,0.0493,0.1015,0.8493,Sunday,True,1,False,True,634.0,7.12,0.9574,6.1,False,True,7.37,0.9651,5.22,False,True,76.7,61.0,115.0,49.0
6962181067,11404,7.54,0.0,0.83,2.39,4.32,13.0,42.0,238.0,689.0,2039,2016-04-18,16,False,293.0,55.0,True,0.1101,0.317,0.5729,Monday,False,1,False,True,689.0,7.37,0.9651,5.22,False,True,7.93,0.8897,5.22,False,True,76.9,59.0,115.0,81.0
6962181067,10742,7.1,0.0,2.1,2.13,2.87,35.0,41.0,195.0,659.0,2046,2016-04-19,18,False,271.0,76.0,True,0.2958,0.3,0.4042,Tuesday,False,2,False,True,659.0,7.93,0.8897,5.22,False,True,6.97,0.9858,5.63,False,True,77.4,61.0,120.0,122.0
6962181067,13928,9.55,0.0,4.28,0.19,5.09,48.0,4.0,297.0,639.0,2174,2016-04-20,16,False,349.0,52.0,True,0.4477,0.0199,0.5324,Wednesday,False,2,False,True,639.0,6.97,0.9858,5.63,False,True,7.52,0.9869,5.17,False,True,74.9,59.0,123.0,75.0
6962181067,11835,9.71,4.08,3.99,2.1,3.51,53.0,27.0,214.0,708.0,2179,2016-04-21,15,False,294.0,80.0,True,0.4156,0.2188,0.3656,Thursday,False,2,True,True,708.0,7.52,0.9869,5.17,False,True,7.08,0.977,5.48,False,True,83.5,59.0,164.0,106.0
6962181067,10725,7.09,0.0,1.77,1.55,3.77,30.0,33.0,240.0,659.0,2086,2016-04-22,17,False,303.0,63.0,True,0.2496,0.2186,0.5317,Friday,False,2,False,True,659.0,7.08,0.977,5.48,False,True,8.8,0.967,4.77,False,True,79.1,60.0,160.0,71.0
6962181067,20031,13.24,0.0,4.2,2.0,7.04,58.0,41.0,347.0,484.0,2571,2016-04-23,17,False,446.0,99.0,True,0.3172,0.1511,0.5317,Saturday,True,2,False,True,484.0,8.8,0.967,4.77,False,True,8.52,0.9942,6.0,False,True,84.6,58.0,136.0,143.0
6962181067,5029,3.32,0.0,0.0,0.0,3.32,0.0,0.0,199.0,720.0,1705,2016-04-24,16,False,199.0,0.0,False,0.0,0.0,1.0,Sunday,True,2,False,True,720.0,8.52,0.9942,6.0,False,True,6.67,0.9639,5.88,False,True,68.8,56.0,98.0,3.0
6962181067,13239,9.27,2.79,3.02,1.68,4.46,35.0,31.0,282.0,637.0,2194,2016-04-25,16,False,348.0,66.0,True,0.3297,0.1834,0.4869,Monday,False,2,True,True,637.0,6.67,0.9639,5.88,False,True,7.35,0.9888,5.22,False,True,74.0,56.0,121.0,72.0
6962181067,10433,6.9,0.0,2.58,0.42,3.9,36.0,7.0,254.0,680.0,2012,2016-04-26,16,False,297.0,43.0,True,0.3739,0.0609,0.5652,Tuesday,False,3,False,True,680.0,7.35,0.9888,5.22,False,True,7.58,0.9743,4.93,False,True,77.1,56.0,128.0,53.0
6962181067,10320,6.82,0.0,0.55,2.02,4.25,7.0,38.0,279.0,697.0,2034,2016-04-27,18,False,324.0,45.0,True,0.0806,0.2962,0.6232,Wednesday,False,3,False,True,697.0,7.58,0.9743,4.93,False,True,7.33,0.9713,5.73,False,True,73.0,58.0,112.0,45.0
6962181067,12627,8.35,0.0,2.51,0.24,5.59,38.0,8.0,288.0,621.0,2182,2016-04-28,15,False,334.0,46.0,True,0.301,0.0288,0.6703,Thursday,False,3,False,True,621.0,7.33,0.9713,5.73,False,True,7.22,0.9687,5.2,False,True,82.1,59.0,160.7,68.0
6962181067,10762,7.11,0.0,0.82,0.48,5.81,12.0,15.0,369.0,645.0,2254,2016-04-29,17,False,396.0,27.0,True,0.1153,0.0675,0.8172,Friday,False,3,False,True,645.0,7.22,0.9687,5.2,False,True,7.03,0.9953,7.48,False,True,81.0,62.0,128.0,128.0
6962181067,10081,6.66,0.0,2.24,0.76,3.67,32.0,16.0,237.0,731.0,2002,2016-04-30,13,False,285.0,48.0,True,0.3358,0.1139,0.5502,Saturday,True,3,False,True,731.0,7.03,0.9953,7.48,False,True,6.85,0.9648,6.4,False,True,80.2,60.0,133.0,63.0
6962181067,5454,3.61,0.0,0.0,0.0,3.61,0.0,0.0,215.0,722.0,1740,2016-05-01,16,False,215.0,0.0,False,0.0,0.0,1.0,Sunday,True,3,False,True,722.0,6.85,0.9648,6.4,False,True,7.77,0.9668,4.72,False,True,73.3,61.0,103.0,13.0
6962181067,12912,8.54,0.0,1.2,2.0,5.34,18.0,39.0,313.0,655.0,2162,2016-05-02,20,False,370.0,57.0,True,0.1405,0.2342,0.6253,Monday,False,3,False,True,655.0,7.77,0.9668,4.72,False,True,6.57,0.9426,5.83,False,True,79.7,63.0,128.0,72.0
6962181067,12109,8.12,0.0,1.74,2.04,4.33,21.0,36.0,267.0,654.0,2072,2016-05-03,19,False,324.0,57.0,True,0.2145,0.2515,0.5339,Tuesday,False,4,False,True,654.0,6.57,0.9426,5.83,False,True,7.37,0.9714,5.1,False,True,75.4,61.0,125.0,47.0
6962181067,10147,6.71,0.0,0.47,1.68,4.55,15.0,36.0,284.0,683.0,2086,2016-05-04,19,False,335.0,51.0,True,0.0701,0.2507,0.6791,Wednesday,False,4,False,True,683.0,7.37,0.9714,5.1,False,True,7.78,0.9511,5.65,False,True,79.5,60.0,154.0,57.0
6962181067,10524,6.96,0.0,0.99,1.16,4.81,14.0,22.0,305.0,591.0,2066,2016-05-05,16,False,341.0,36.0,True,0.1422,0.1667,0.6911,Thursday,False,4,False,True,591.0,7.78,0.9511,5.65,False,True,7.38,0.9589,5.37,False,True,76.6,61.0,115.0,70.0
6962181067,5908,3.91,0.0,0.0,0.0,3.91,0.0,0.0,299.0,717.0,1850,2016-05-06,18,False,299.0,0.0,False,0.0,0.0,1.0,Friday,False,4,False,True,717.0,7.38,0.9589,5.37,False,True,4.97,0.8922,9.17,False,True,72.3,59.0,102.0,19.0
6962181067,6815,4.5,0.0,0.0,0.0,4.5,0.0,0.0,328.0,745.0,1947,2016-05-07,21,False,328.0,0.0,False,0.0,0.0,1.0,Saturday,True,4,False,True,745.0,4.97,0.8922,9.17,False,True,9.02,0.9508,5.45,False,True,77.0,62.0,102.0,16.0
6962181067,4188,2.77,0.0,0.0,0.52,2.25,0.0,14.0,151.0,709.0,1659,2016-05-08,14,False,165.0,14.0,False,0.0,0.1877,0.8123,Sunday,True,4,False,True,709.0,9.02,0.9508,5.45,False,True,8.15,0.9839,5.5,False,True,75.0,62.0,108.0,33.0
6962181067,12342,8.72,3.17,3.9,1.18,3.65,43.0,21.0,231.0,607.0,2105,2016-05-09,16,False,295.0,64.0,True,0.4467,0.1352,0.4181,Monday,False,4,True,True,607.0,8.15,0.9839,5.5,False,True,7.82,0.9751,4.82,False,True,77.0,63.0,120.0,105.0
6962181067,15448,10.21,0.0,3.47,1.75,4.99,62.0,34.0,275.0,626.0,2361,2016-05-10,20,False,371.0,96.0,True,0.3399,0.1714,0.4887,Tuesday,False,5,False,True,626.0,7.82,0.9751,4.82,False,True,7.53,0.9417,5.45,False,True,83.3,62.0,153.0,136.0
6962181067,6722,4.44,0.0,1.49,0.31,2.65,24.0,7.0,199.0,709.0,1855,2016-05-11,17,False,230.0,31.0,False,0.3348,0.0697,0.5955,Wednesday,False,5,False,True,709.0,7.53,0.9417,5.45,False,True,8.6,0.9645,5.1,False,True,79.3,61.0,138.0,53.0
7007744171,14172,10.29,4.87,4.5,0.38,5.41,53.0,8.0,355.0,1024.0,2937,2016-04-12,14,False,416.0,61.0,True,0.4373,0.0369,0.5258,Tuesday,False,1,True,False,,,,,,,,,,,,96.4,81.0,124.0,245.0
7007744171,12862,9.65,4.85,4.61,0.56,4.48,56.0,22.0,261.0,1101.0,2742,2016-04-13,16,False,339.0,78.0,True,0.4777,0.058,0.4642,Wednesday,False,1,True,False,,,,,,,,,,,,93.0,77.0,134.0,180.0
7007744171,11179,8.24,3.29,2.95,0.34,4.96,34.0,6.0,304.0,1096.0,2668,2016-04-14,16,False,344.0,40.0,True,0.3576,0.0412,0.6012,Thursday,False,1,True,False,,,,,,,,,,,,92.3,74.0,123.0,223.0
7007744171,5273,3.53,0.0,0.0,0.0,3.53,0.0,0.0,202.0,1238.0,2098,2016-04-15,13,False,202.0,0.0,False,0.0,0.0,1.0,Friday,False,1,False,False,,,,,,,,,,True,False,84.8,71.0,115.0,48.0
7007744171,4631,3.1,0.0,0.0,0.0,3.1,0.0,0.0,203.0,1155.0,2076,2016-04-16,15,False,203.0,0.0,False,0.0,0.0,1.0,Saturday,True,1,False,False,,,,,True,False,,,,,,80.0,67.0,112.0,39.0
7007744171,8059,5.39,0.0,0.0,0.0,5.39,0.0,0.0,305.0,1135.0,2383,2016-04-17,14,False,305.0,0.0,False,0.0,0.0,1.0,Sunday,True,1,False,False,,,,,,,,,,,,86.0,70.0,112.0,97.0
7007744171,14816,10.98,4.93,3.79,2.12,5.05,48.0,31.0,284.0,1077.0,2832,2016-04-18,17,False,363.0,79.0,True,0.3458,0.1934,0.4608,Monday,False,1,True,False,,,,,,,,,,,,93.2,77.0,124.0,198.0
7007744171,14194,10.48,4.94,4.41,0.76,5.31,53.0,17.0,304.0,1066.0,2812,2016-04-19,15,False,374.0,70.0,True,0.4208,0.0725,0.5067,Tuesday,False,2,True,False,,,,,,,,,,,,94.4,76.0,125.0,214.0
7007744171,15566,11.31,4.92,4.79,0.67,5.86,60.0,33.0,347.0,1000.0,3096,2016-04-20,15,False,440.0,93.0,True,0.4231,0.0592,0.5177,Wednesday,False,2,True,False,,,,,,,,,,,,96.8,80.0,143.0,237.0
7007744171,13744,9.19,0.0,2.15,1.87,5.17,30.0,34.0,327.0,1049.0,2763,2016-04-21,16,False,391.0,64.0,True,0.2339,0.2035,0.5626,Thursday,False,2,False,False,,,,,,,,,,,,92.2,74.0,120.0,213.0
7007744171,15299,10.24,0.0,4.1,1.76,4.37,64.0,50.0,261.0,1065.0,2889,2016-04-22,15,False,375.0,114.0,True,0.4008,0.172,0.4272,Friday,False,2,False,False,,,,,,,,,,,,93.9,71.0,131.8,240.0
7007744171,11085,7.42,0.0,0.0,0.0,7.42,0.0,0.0,419.0,1021.0,2667,2016-04-24,11,False,419.0,0.0,True,0.0,0.0,1.0,Sunday,True,2,False,False,,,,,,,,,,,,,,,
7007744171,18229,13.34,4.86,4.31,1.37,7.67,51.0,24.0,379.0,986.0,3055,2016-04-25,15,False,454.0,75.0,True,0.3228,0.1026,0.5745,Monday,False,2,True,False,,,,,,,,,,,,94.6,75.0,125.0,287.0
7007744171,15090,10.1,0.0,0.93,0.94,8.23,16.0,22.0,424.0,978.0,2939,2016-04-26,18,False,462.0,38.0,True,0.0921,0.0931,0.8149,Tuesday,False,3,False,False,,,,,,,,,,,,90.7,74.0,134.0,191.0
7007744171,13541,10.22,4.89,4.27,0.66,5.29,50.0,12.0,337.0,1041.0,2830,2016-04-27,15,False,399.0,62.0,True,0.4178,0.0646,0.5176,Wednesday,False,3,True,False,,,,,,,,,,,,95.2,78.0,124.0,257.0
7007744171,15128,10.12,0.0,1.09,0.77,8.26,16.0,16.0,401.0,1007.0,2836,2016-04-28,16,False,433.0,32.0,True,0.1077,0.0761,0.8162,Thursday,False,3,False,False,,,,,,,,,,,,89.5,66.0,129.0,222.0
7007744171,20067,14.3,4.91,4.31,2.05,7.95,55.0,42.0,382.0,961.0,3180,2016-04-29,16,False,479.0,97.0,True,0.3012,0.1433,0.5556,Friday,False,3,True,False,,,,,,,,,,,,93.9,76.0,133.0,245.0
7007744171,3761,2.52,0.0,0.0,0.0,2.52,0.0,0.0,200.0,1240.0,2051,2016-04-30,16,False,200.0,0.0,False,0.0,0.0,1.0,Saturday,True,3,False,False,,,,,,,,,,True,False,80.3,67.0,111.8,63.0
7007744171,5600,3.75,0.0,0.0,0.0,3.75,0.0,0.0,237.0,1142.0,2225,2016-05-01,13,False,237.0,0.0,False,0.0,0.0,1.0,Sunday,True,3,False,False,,,,,True,False,,,,,,85.0,65.0,118.0,100.0
7007744171,13041,9.18,2.83,4.64,0.7,3.83,64.0,14.0,250.0,1112.0,2642,2016-05-02,16,False,328.0,78.0,True,0.506,0.0763,0.4177,Monday,False,3,True,False,,,,,,,,,,,,86.1,66.0,128.0,145.0
7007744171,14510,10.87,4.91,4.48,1.02,5.36,58.0,31.0,330.0,1021.0,2976,2016-05-03,16,False,419.0,89.0,True,0.4125,0.0939,0.4936,Tuesday,False,4,True,False,,,,,,,,,,,,93.4,75.0,127.0,258.0
7007744171,15010,11.1,4.88,4.33,1.29,5.48,53.0,23.0,317.0,1047.0,2933,2016-05-05,14,False,393.0,76.0,True,0.3901,0.1162,0.4937,Thursday,False,4,True,False,,,,,,,,,,,,97.9,82.0,123.0,264.0
7007744171,11459,7.67,0.0,3.0,0.81,3.86,44.0,13.0,247.0,1136.0,2553,2016-05-06,16,False,304.0,57.0,True,0.3911,0.1056,0.5033,Friday,False,4,False,False,,,,,,,,,,,,87.2,69.0,146.2,130.0
7086361926,11317,8.41,0.0,5.27,0.15,2.97,59.0,6.0,153.0,745.0,2772,2016-04-12,14,False,218.0,65.0,True,0.6281,0.0179,0.354,Tuesday,False,1,False,True,745.0,8.57,0.979,4.18,False,True,7.52,0.9699,5.0,False,True,,,,
7086361926,5813,3.62,0.0,0.56,0.21,2.84,31.0,26.0,155.0,744.0,2516,2016-04-13,15,False,212.0,57.0,False,0.1551,0.0582,0.7867,Wednesday,False,1,False,True,744.0,7.52,0.9699,5.0,False,True,7.87,0.9916,4.68,False,True,,,,
7086361926,9123,6.12,0.0,2.03,0.33,3.66,35.0,32.0,189.0,787.0,2734,2016-04-14,18,False,256.0,67.0,False,0.3372,0.0548,0.608,Thursday,False,1,False,True,787.0,7.87,0.9916,4.68,False,True,6.28,0.9767,6.32,False,True,,,,
7086361926,8585,5.67,0.0,2.04,1.11,2.53,30.0,21.0,139.0,864.0,2395,2016-04-15,15,False,190.0,51.0,False,0.3592,0.1954,0.4454,Friday,False,1,False,True,864.0,6.28,0.9767,6.32,False,True,,,,,,,,,
7086361926,9827,6.71,0.0,3.17,1.22,2.31,61.0,51.0,114.0,1136.0,2743,2016-04-18,12,False,226.0,112.0,False,0.4731,0.1821,0.3448,Monday,False,1,False,False,,,,,,,7.87,0.9772,4.7,False,True,,,,
7086361926,10688,7.29,0.0,3.53,1.23,2.51,67.0,69.0,124.0,671.0,2944,2016-04-19,15,False,260.0,136.0,True,0.4856,0.1692,0.3453,Tuesday,False,2,False,True,671.0,7.87,0.9772,4.7,False,True,8.2,0.9801,4.27,False,True,,,,
7086361926,14365,10.64,0.0,7.64,0.45,2.54,87.0,13.0,145.0,797.0,2997,2016-04-20,18,False,245.0,100.0,True,0.7187,0.0423,0.2389,Wednesday,False,2,False,True,797.0,8.2,0.9801,4.27,False,True,6.5,0.9489,6.1,False,True,,,,
7086361926,9469,6.18,0.0,1.36,0.3,4.51,19.0,6.0,206.0,758.0,2463,2016-04-21,20,False,231.0,25.0,False,0.2204,0.0486,0.731,Thursday,False,2,False,True,758.0,6.5,0.9489,6.1,False,True,7.13,0.9554,5.33,False,True,,,,
7086361926,9753,6.53,0.0,2.87,0.97,2.67,58.0,59.0,153.0,762.0,2846,2016-04-22,15,False,270.0,117.0,False,0.4409,0.149,0.4101,Friday,False,2,False,True,762.0,7.13,0.9554,5.33,False,True,,,,,,,,,
7086361926,2817,1.81,0.0,0.0,0.0,1.8,0.0,0.0,90.0,1350.0,1965,2016-04-23,11,False,90.0,0.0,False,0.0,0.0,1.0,Saturday,True,2,False,False,,,,,,,11.35,0.9673,6.45,False,True,,,,
7086361926,3520,2.16,0.0,0.0,0.0,2.15,0.0,0.0,125.0,566.0,2049,2016-04-24,10,False,125.0,0.0,False,0.0,0.0,1.0,Sunday,True,2,False,True,566.0,11.35,0.9673,6.45,False,True,7.43,0.9978,5.25,False,True,,,,
7086361926,10091,6.82,0.0,3.75,0.7,2.37,69.0,39.0,129.0,706.0,2752,2016-04-25,14,False,237.0,108.0,True,0.5499,0.1026,0.3475,Monday,False,2,False,True,706.0,7.43,0.9978,5.25,False,True,8.08,0.97,4.42,False,True,,,,
7086361926,10387,7.07,0.0,4.16,0.77,2.12,70.0,33.0,132.0,726.0,2781,2016-04-26,17,False,235.0,103.0,True,0.5901,0.1092,0.3007,Tuesday,False,3,False,True,726.0,8.08,0.97,4.42,False,True,7.82,0.9791,4.77,False,True,,,,
7086361926,11107,8.34,0.0,5.63,0.18,2.53,55.0,6.0,145.0,829.0,2693,2016-04-27,17,False,206.0,61.0,True,0.6751,0.0216,0.3034,Wednesday,False,3,False,True,829.0,7.82,0.9791,4.77,False,True,5.9,0.9646,6.72,False,True,,,,
7086361926,11584,7.8,0.0,2.79,1.64,3.36,54.0,48.0,161.0,810.0,2862,2016-04-28,17,False,263.0,102.0,True,0.3582,0.2105,0.4313,Thursday,False,3,False,True,810.0,5.9,0.9646,6.72,False,True,,,,,,,,,
7086361926,7881,4.95,0.0,0.49,0.45,4.0,24.0,36.0,182.0,1198.0,2616,2016-04-29,15,False,242.0,60.0,False,0.0992,0.0911,0.8097,Friday,False,3,False,False,,,,,,,8.08,0.9918,7.5,False,True,,,,
7086361926,14560,9.41,0.0,3.12,1.04,5.24,42.0,17.0,308.0,584.0,2995,2016-04-30,16,False,367.0,59.0,True,0.3319,0.1106,0.5574,Saturday,True,3,False,True,584.0,8.08,0.9918,7.5,False,True,6.47,0.9533,6.47,False,True,,,,
7086361926,12390,8.07,0.0,2.3,0.9,4.85,30.0,15.0,258.0,685.0,2730,2016-05-01,17,False,303.0,45.0,True,0.2857,0.1118,0.6025,Sunday,True,3,False,True,685.0,6.47,0.9533,6.47,False,True,7.33,0.9586,5.25,False,True,,,,
7086361926,10052,6.81,0.0,3.48,0.66,2.66,66.0,26.0,139.0,737.0,2754,2016-05-02,15,False,231.0,92.0,True,0.5118,0.0971,0.3912,Monday,False,3,False,True,737.0,7.33,0.9586,5.25,False,True,7.6,0.9892,5.03,False,True,,,,
7086361926,10288,6.76,0.0,2.74,0.85,3.16,57.0,36.0,152.0,761.0,2754,2016-05-03,17,False,245.0,93.0,True,0.4059,0.1259,0.4681,Tuesday,False,4,False,True,761.0,7.6,0.9892,5.03,False,True,7.0,0.9633,5.48,False,True,,,,
7086361926,10988,8.31,0.0,5.28,0.12,2.9,45.0,12.0,135.0,843.0,2655,2016-05-04,17,False,192.0,57.0,True,0.6361,0.0145,0.3494,Wednesday,False,4,False,True,843.0,7.0,0.9633,5.48,False,True,,,,,,,,,
7086361926,8564,5.6,0.0,1.78,0.83,2.95,24.0,14.0,149.0,1253.0,2386,2016-05-05,16,False,187.0,38.0,False,0.3201,0.1493,0.5306,Thursday,False,4,False,False,,,,,,,5.37,0.967,7.25,False,True,,,,
7086361926,12461,8.38,0.0,3.82,1.43,3.12,84.0,35.0,154.0,834.0,2924,2016-05-06,18,False,273.0,119.0,True,0.4564,0.1708,0.3728,Friday,False,4,False,True,834.0,5.37,0.967,7.25,False,True,8.83,0.9672,6.48,False,True,,,,
7086361926,12827,8.48,0.0,1.46,2.33,4.68,20.0,42.0,209.0,621.0,2739,2016-05-07,16,False,271.0,62.0,True,0.1724,0.2751,0.5525,Saturday,True,4,False,True,621.0,8.83,0.9672,6.48,False,True,8.02,0.9431,6.1,False,True,,,,
7086361926,10677,7.1,0.0,2.31,1.53,3.25,32.0,27.0,147.0,695.0,2534,2016-05-08,15,False,206.0,59.0,True,0.3258,0.2158,0.4584,Sunday,True,4,False,True,695.0,8.02,0.9431,6.1,False,True,7.12,0.9749,5.52,False,True,,,,
7086361926,13566,9.11,0.0,4.26,1.71,3.12,67.0,50.0,171.0,743.0,2960,2016-05-09,16,False,288.0,117.0,True,0.4686,0.1881,0.3432,Monday,False,4,False,True,743.0,7.12,0.9749,5.52,False,True,,,,,,,,,
7086361926,14433,10.79,0.0,7.11,1.2,2.45,72.0,23.0,106.0,1182.0,2800,2016-05-10,14,False,201.0,95.0,True,0.6608,0.1115,0.2277,Tuesday,False,5,False,False,,,,,,,7.52,0.9741,5.05,False,True,,,,
7086361926,9572,6.52,0.0,2.89,1.39,2.23,57.0,40.0,128.0,757.0,2735,2016-05-11,17,False,225.0,97.0,False,0.4439,0.2135,0.3425,Wednesday,False,5,False,True,757.0,7.52,0.9741,5.05,False,True,7.4,0.9716,5.15,False,True,,,,
8053475328,18060,14.12,0.0,11.64,0.39,2.1,116.0,8.0,123.0,1193.0,3186,2016-04-12,14,False,247.0,124.0,True,0.8238,0.0276,0.1486,Tuesday,False,1,False,False,,,,,,,,,,,,,,,
8053475328,16433,13.35,0.0,10.43,0.47,2.45,95.0,12.0,156.0,1177.0,3140,2016-04-13,15,False,263.0,107.0,True,0.7813,0.0352,0.1835,Wednesday,False,1,False,False,,,,,,,,,,,,,,,
8053475328,20159,15.97,0.0,12.34,0.21,3.36,119.0,5.0,193.0,1123.0,3411,2016-04-14,16,False,317.0,124.0,True,0.7756,0.0132,0.2112,Thursday,False,1,False,False,,,,,,,,,,,,,,,
8053475328,20669,16.24,0.0,13.26,0.39,2.59,132.0,8.0,158.0,1142.0,3410,2016-04-15,15,False,298.0,140.0,True,0.8165,0.024,0.1595,Friday,False,1,False,False,,,,,,,,,,,,,,,
8053475328,14549,11.11,0.0,9.36,0.27,1.49,96.0,6.0,83.0,1255.0,2867,2016-04-16,13,False,185.0,102.0,True,0.8417,0.0243,0.134,Saturday,True,1,False,False,,,,,,,,,,,,,,,
8053475328,18827,13.69,0.0,9.24,0.8,3.64,111.0,21.0,195.0,1113.0,3213,2016-04-17,12,False,327.0,132.0,True,0.6754,0.0585,0.2661,Sunday,True,1,False,False,,,,,,,,,,,,,,,
8053475328,17076,12.66,0.0,9.08,0.23,3.35,102.0,6.0,195.0,1137.0,3133,2016-04-18,15,False,303.0,108.0,True,0.7172,0.0182,0.2646,Monday,False,1,False,False,,,,,,,,,,,,,,,
8053475328,15929,12.48,0.0,9.22,0.31,2.95,90.0,7.0,191.0,1152.0,3114,2016-04-19,15,False,288.0,97.0,True,0.7388,0.0248,0.2364,Tuesday,False,2,False,False,,,,,,,8.1,0.9858,8.48,False,True,,,,
8053475328,15108,12.19,0.0,9.58,0.23,2.38,89.0,5.0,158.0,695.0,3043,2016-04-20,17,False,252.0,94.0,True,0.7859,0.0189,0.1952,Wednesday,False,2,False,True,695.0,8.1,0.9858,8.48,False,True,,,,,,,,,
8053475328,16057,12.51,0.0,9.67,0.25,2.58,100.0,6.0,170.0,1164.0,3103,2016-04-21,15,False,276.0,106.0,True,0.7736,0.02,0.2064,Thursday,False,2,False,False,,,,,,,,,,,,,,,
8053475328,10520,8.29,0.0,6.26,0.15,1.88,60.0,3.0,117.0,1260.0,2655,2016-04-22,15,False,180.0,63.0,True,0.7551,0.0181,0.2268,Friday,False,2,False,False,,,,,,,5.52,0.9822,9.6,False,True,,,,
8053475328,22359,17.19,0.0,12.54,0.63,4.02,125.0,14.0,223.0,741.0,3554,2016-04-23,14,False,362.0,139.0,True,0.7295,0.0366,0.2339,Saturday,True,2,False,True,741.0,5.52,0.9822,9.6,False,True,,,,,,,,,
8053475328,22988,17.95,0.0,13.13,1.55,3.26,129.0,33.0,182.0,1096.0,3577,2016-04-24,14,False,344.0,162.0,True,0.7319,0.0864,0.1817,Sunday,True,2,False,False,,,,,,,,,,,,,,,
8053475328,20500,15.69,0.0,11.37,0.46,3.86,118.0,9.0,209.0,1104.0,3403,2016-04-25,15,False,336.0,127.0,True,0.7247,0.0293,0.246,Monday,False,2,False,False,,,,,,,,,,,,,,,
8053475328,12685,9.62,0.0,6.31,0.2,3.1,68.0,5.0,185.0,1182.0,2846,2016-04-26,17,False,258.0,73.0,True,0.6566,0.0208,0.3226,Tuesday,False,3,False,False,,,,,,,,,,,,,,,
8053475328,12422,9.82,0.0,6.46,0.43,2.93,60.0,10.0,183.0,1187.0,2852,2016-04-27,14,False,253.0,70.0,True,0.6578,0.0438,0.2984,Wednesday,False,3,False,False,,,,,,,,,,,,,,,
8053475328,15447,12.4,0.0,9.67,0.39,2.35,90.0,9.0,153.0,1188.0,3062,2016-04-28,13,False,252.0,99.0,True,0.7792,0.0314,0.1894,Thursday,False,3,False,False,,,,,,,,,,,,,,,
8053475328,12315,9.65,0.0,6.17,0.31,3.17,58.0,8.0,159.0,1215.0,2794,2016-04-29,15,False,225.0,66.0,True,0.6394,0.0321,0.3285,Friday,False,3,False,False,,,,,,,,,,,,,,,
8053475328,7135,5.59,0.0,2.99,0.06,2.54,27.0,1.0,131.0,1281.0,2408,2016-04-30,15,False,159.0,28.0,False,0.5349,0.0107,0.4544,Saturday,True,3,False,False,,,,,,,,,,,,,,,
8053475328,15484,11.9,0.0,8.39,0.93,2.59,87.0,22.0,165.0,1166.0,3023,2016-05-03,13,False,274.0,109.0,True,0.7045,0.0781,0.2175,Tuesday,False,4,False,False,,,,,,,,,,,,,,,
8053475328,14581,11.15,0.0,8.82,0.4,1.91,89.0,8.0,123.0,1220.0,2918,2016-05-04,14,False,220.0,97.0,True,0.7925,0.0359,0.1716,Wednesday,False,4,False,False,,,,,,,,,,,,,,,
8053475328,14990,11.51,0.0,8.85,0.45,2.21,93.0,9.0,130.0,1208.0,2950,2016-05-05,14,False,232.0,102.0,True,0.7689,0.0391,0.192,Thursday,False,4,False,False,,,,,,,,,,,,,,,
8053475328,13953,11.0,0.0,9.1,0.69,1.21,90.0,15.0,90.0,1245.0,2859,2016-05-06,11,False,195.0,105.0,True,0.8273,0.0627,0.11,Friday,False,4,False,False,,,,,,,,,,True,False,,,,
8053475328,19769,15.67,0.0,12.44,0.88,2.35,121.0,20.0,148.0,1076.0,3331,2016-05-07,12,False,289.0,141.0,True,0.7939,0.0562,0.15,Saturday,True,4,False,False,,,,,True,False,,,,,,,,,
8053475328,22026,17.65,0.0,13.4,0.59,3.66,125.0,14.0,228.0,1073.0,3589,2016-05-08,17,False,367.0,139.0,True,0.7592,0.0334,0.2074,Sunday,True,4,False,False,,,,,,,,,,,,,,,
8053475328,12465,9.38,0.0,6.12,0.57,2.69,66.0,12.0,148.0,1214.0,2765,2016-05-09,14,False,226.0,78.0,True,0.6525,0.0608,0.2868,Monday,False,4,False,False,,,,,,,,,,,,,,,
8053475328,14810,11.36,0.0,9.09,0.42,1.85,96.0,10.0,115.0,1219.0,2926,2016-05-10,15,False,221.0,106.0,True,0.8002,0.037,0.1629,Tuesday,False,5,False,False,,,,,,,,,,,,,,,
8053475328,12209,9.4,0.0,6.08,0.28,3.04,60.0,7.0,184.0,1189.0,2809,2016-05-11,17,False,251.0,67.0,True,0.6468,0.0298,0.3234,Wednesday,False,5,False,False,,,,,,,,,,,,,,,
8253242879,9033,7.16,0.0,5.43,0.14,1.59,40.0,2.0,154.0,1244.0,2044,2016-04-12,14,False,196.0,42.0,False,0.7584,0.0196,0.2221,Tuesday,False,1,False,False,,,,,,,,,,,,,,,
8253242879,8053,6.1,0.0,4.17,0.63,1.31,35.0,11.0,96.0,1298.0,1935,2016-04-13,12,False,142.0,46.0,False,0.6825,0.1031,0.2144,Wednesday,False,1,False,False,,,,,,,,,,,,,,,
8253242879,2672,1.77,0.0,0.0,0.0,1.76,0.0,0.0,105.0,1335.0,1632,2016-04-15,11,False,105.0,0.0,False,0.0,0.0,1.0,Friday,False,1,False,False,,,,,,,,,,,,,,,
8253242879,9256,6.14,0.0,0.43,3.27,2.45,6.0,51.0,115.0,1268.0,1880,2016-04-16,12,False,172.0,57.0,False,0.0699,0.5317,0.3984,Saturday,True,1,False,False,,,,,,,,,,,,,,,
8253242879,10204,7.91,0.0,5.43,0.15,2.33,41.0,5.0,157.0,1237.0,2112,2016-04-17,13,False,203.0,46.0,True,0.6865,0.019,0.2946,Sunday,True,1,False,False,,,,,,,,,,,,,,,
8253242879,5151,3.48,0.0,1.04,0.63,1.8,16.0,16.0,130.0,1278.0,1829,2016-04-18,12,False,162.0,32.0,False,0.2997,0.1816,0.5187,Monday,False,1,False,False,,,,,,,,,,,,,,,
8253242879,4212,2.78,0.0,0.0,0.0,2.78,0.0,0.0,164.0,1276.0,1763,2016-04-19,14,False,164.0,0.0,False,0.0,0.0,1.0,Tuesday,False,2,False,False,,,,,,,,,,,,,,,
8253242879,6466,4.27,0.0,0.33,0.82,3.11,5.0,18.0,216.0,1201.0,1931,2016-04-20,16,False,239.0,23.0,False,0.0775,0.1925,0.73,Wednesday,False,2,False,False,,,,,,,,,,,,,,,
8253242879,11268,8.56,0.0,5.88,0.93,1.75,49.0,20.0,172.0,1199.0,2218,2016-04-21,15,False,241.0,69.0,True,0.6869,0.1086,0.2044,Thursday,False,2,False,False,,,,,,,,,,,,,,,
8253242879,2824,1.87,0.0,0.0,0.0,1.87,0.0,0.0,120.0,1320.0,1651,2016-04-22,11,False,120.0,0.0,False,0.0,0.0,1.0,Friday,False,2,False,False,,,,,,,,,,,,,,,
8253242879,9282,6.26,0.0,2.09,1.04,3.13,30.0,26.0,191.0,1193.0,2132,2016-04-23,14,False,247.0,56.0,False,0.3339,0.1661,0.5,Saturday,True,2,False,False,,,,,,,,,,,,,,,
8253242879,8905,7.13,0.0,5.6,0.19,1.34,41.0,4.0,82.0,1313.0,1976,2016-04-24,12,False,127.0,45.0,False,0.7854,0.0266,0.1879,Sunday,True,2,False,False,,,,,,,,,,,,,,,
8253242879,4562,3.04,0.0,1.18,0.49,1.37,19.0,14.0,108.0,1299.0,1813,2016-04-26,12,False,141.0,33.0,False,0.3882,0.1612,0.4507,Tuesday,False,3,False,False,,,,,,,,,,,,,,,
8253242879,10232,8.18,0.0,6.24,0.23,1.7,45.0,5.0,104.0,1286.0,2008,2016-04-27,12,False,154.0,50.0,True,0.7638,0.0282,0.2081,Wednesday,False,3,False,False,,,,,,,,,,,,,,,
8253242879,6260,4.26,0.0,1.29,0.54,2.4,16.0,14.0,136.0,1257.0,1854,2016-04-29,12,False,166.0,30.0,False,0.305,0.1277,0.5674,Friday,False,3,False,False,,,,,,,,,,,,,,,
8378563200,7626,6.05,2.25,0.83,0.71,4.5,65.0,15.0,156.0,723.0,3635,2016-04-12,19,False,236.0,80.0,False,0.1374,0.1175,0.745,Tuesday,False,1,True,True,723.0,5.63,0.9494,4.32,False,True,7.45,0.9179,2.23,False,True,,,,
8378563200,12386,9.82,2.09,4.96,0.65,4.21,116.0,14.0,169.0,680.0,4079,2016-04-13,18,False,299.0,130.0,True,0.5051,0.0662,0.4287,Wednesday,False,1,True,True,680.0,7.45,0.9179,2.23,False,True,7.07,0.9319,2.67,False,True,,,,
8378563200,13318,10.56,2.25,5.62,1.03,3.91,123.0,21.0,174.0,699.0,4163,2016-04-14,20,False,318.0,144.0,True,0.5322,0.0975,0.3703,Thursday,False,1,True,True,699.0,7.07,0.9319,2.67,False,True,8.55,0.9625,3.2,False,True,,,,
8378563200,14461,11.47,0.0,4.91,1.15,5.41,60.0,23.0,190.0,729.0,3666,2016-04-15,20,False,273.0,83.0,True,0.4281,0.1003,0.4717,Friday,False,1,False,True,729.0,8.55,0.9625,3.2,False,True,8.23,0.8966,4.78,True,True,,,,
8378563200,11207,8.89,0.0,5.37,1.07,2.44,64.0,21.0,142.0,563.0,3363,2016-04-16,21,False,227.0,85.0,True,0.6047,0.1205,0.2748,Saturday,True,1,False,True,563.0,8.23,0.8966,4.78,True,True,7.22,0.9372,5.43,True,True,,,,
8378563200,2132,1.69,0.0,0.0,0.0,1.69,0.0,0.0,93.0,599.0,2572,2016-04-17,16,False,93.0,0.0,False,0.0,0.0,1.0,Sunday,True,1,False,True,599.0,7.22,0.9372,5.43,True,True,6.63,0.8825,2.82,False,True,,,,
8378563200,13630,10.81,2.09,5.05,0.56,5.2,117.0,10.0,174.0,720.0,4157,2016-04-18,20,False,301.0,127.0,True,0.4672,0.0518,0.481,Monday,False,1,True,True,720.0,6.63,0.8825,2.82,False,True,6.45,0.9192,3.35,False,True,,,,
8378563200,13070,10.36,2.25,5.3,0.88,4.18,120.0,19.0,154.0,737.0,4092,2016-04-19,19,False,293.0,139.0,True,0.5116,0.0849,0.4035,Tuesday,False,2,True,True,737.0,6.45,0.9192,3.35,False,True,6.35,0.9315,3.53,False,True,,,,
8378563200,9388,7.44,2.09,2.23,0.44,4.78,82.0,8.0,169.0,763.0,3787,2016-04-20,19,False,259.0,90.0,False,0.2993,0.0591,0.6416,Wednesday,False,2,True,True,763.0,6.35,0.9315,3.53,False,True,6.6,0.9496,3.38,False,True,,,,
8378563200,15148,12.01,2.25,6.9,0.82,4.29,137.0,16.0,145.0,677.0,4236,2016-04-21,17,False,298.0,153.0,True,0.5745,0.0683,0.3572,Thursday,False,2,True,True,677.0,6.6,0.9496,3.38,False,True,7.35,0.9403,2.58,False,True,,,,
8378563200,12200,9.67,2.09,4.91,0.59,4.18,113.0,12.0,159.0,769.0,4044,2016-04-22,19,False,284.0,125.0,True,0.5072,0.061,0.4318,Friday,False,2,True,True,769.0,7.35,0.9403,2.58,False,True,9.42,0.956,3.95,False,True,,,,
8378563200,5709,4.53,0.0,1.52,0.52,2.48,19.0,10.0,136.0,740.0,2908,2016-04-23,19,False,165.0,29.0,False,0.3363,0.115,0.5487,Saturday,True,2,False,True,740.0,9.42,0.956,3.95,False,True,7.63,0.9309,4.88,False,True,,,,
8378563200,3703,2.94,0.0,0.0,0.0,2.94,0.0,0.0,135.0,734.0,2741,2016-04-24,17,False,135.0,0.0,False,0.0,0.0,1.0,Sunday,True,2,False,True,734.0,7.63,0.9309,4.88,False,True,6.47,0.9652,3.57,False,True,,,,
8378563200,12405,9.84,2.09,5.05,0.87,3.92,117.0,16.0,141.0,692.0,4005,2016-04-25,18,False,274.0,133.0,True,0.5132,0.0884,0.3984,Monday,False,2,True,True,692.0,6.47,0.9652,3.57,False,True,9.17,0.9418,2.38,False,True,,,,
8378563200,16208,12.85,0.0,7.51,0.92,4.42,90.0,18.0,161.0,593.0,3763,2016-04-26,19,False,269.0,108.0,True,0.5844,0.0716,0.344,Tuesday,False,3,False,True,593.0,9.17,0.9418,2.38,False,True,9.02,0.9017,2.48,False,True,,,,
8378563200,7359,5.84,0.0,0.33,0.18,5.33,4.0,4.0,192.0,676.0,3061,2016-04-27,20,False,200.0,8.0,False,0.0565,0.0308,0.9127,Wednesday,False,3,False,True,676.0,9.02,0.9017,2.48,False,True,8.43,0.9101,3.08,False,True,,,,
8378563200,5417,4.3,0.0,0.9,0.49,2.91,11.0,10.0,139.0,711.0,2884,2016-04-28,19,False,160.0,21.0,False,0.2093,0.114,0.6767,Thursday,False,3,False,True,711.0,8.43,0.9101,3.08,False,True,8.78,0.9377,2.87,False,True,,,,
8378563200,6175,4.9,0.0,0.25,0.36,4.27,3.0,7.0,172.0,767.0,2982,2016-04-29,19,False,182.0,10.0,False,0.0512,0.0738,0.875,Friday,False,3,False,True,767.0,8.78,0.9377,2.87,False,True,7.8,0.8432,4.05,False,True,,,,
8378563200,2946,2.34,0.0,0.0,0.0,2.34,0.0,0.0,121.0,780.0,2660,2016-04-30,20,False,121.0,0.0,False,0.0,0.0,1.0,Saturday,True,3,False,True,780.0,7.8,0.8432,4.05,False,True,7.92,0.8813,4.32,False,True,,,,
8378563200,11419,9.06,0.0,6.03,0.56,2.47,71.0,10.0,127.0,669.0,3369,2016-05-01,18,False,208.0,81.0,True,0.6656,0.0618,0.2726,Sunday,True,3,False,True,669.0,7.92,0.8813,4.32,False,True,5.85,0.9117,3.93,False,True,,,,
8378563200,6064,4.81,2.09,0.63,0.17,4.01,63.0,4.0,142.0,802.0,3491,2016-05-02,17,False,209.0,67.0,False,0.131,0.0353,0.8337,Monday,False,3,True,True,802.0,5.85,0.9117,3.93,False,True,6.75,0.9441,3.2,False,True,,,,
8378563200,8712,6.91,2.25,1.34,1.06,4.5,71.0,20.0,195.0,822.0,3784,2016-05-03,20,False,286.0,91.0,False,0.1942,0.1536,0.6522,Tuesday,False,4,True,True,822.0,6.75,0.9441,3.2,False,True,7.35,0.9245,4.82,False,True,,,,
8378563200,7875,6.24,0.0,1.56,0.49,4.2,19.0,10.0,167.0,680.0,3110,2016-05-04,20,False,196.0,29.0,False,0.2496,0.0784,0.672,Wednesday,False,4,False,True,680.0,7.35,0.9245,4.82,False,True,6.35,0.9137,3.37,False,True,,,,
8378563200,8567,6.79,2.25,0.89,0.16,5.74,66.0,3.0,214.0,764.0,3783,2016-05-05,20,False,283.0,69.0,False,0.1311,0.0236,0.8454,Thursday,False,4,True,True,764.0,6.35,0.9137,3.37,False,True,5.38,0.9099,3.77,False,True,,,,
8378563200,7045,5.59,2.09,1.55,0.25,3.78,74.0,5.0,166.0,831.0,3644,2016-05-06,19,False,245.0,79.0,False,0.2778,0.0448,0.6774,Friday,False,4,True,True,831.0,5.38,0.9099,3.77,False,True,3.85,0.8851,10.25,True,True,,,,
8378563200,4468,3.54,0.0,0.0,0.0,3.54,0.0,0.0,158.0,851.0,2799,2016-05-07,18,False,158.0,0.0,False,0.0,0.0,1.0,Saturday,True,4,False,True,851.0,3.85,0.8851,10.25,True,True,9.22,0.9125,4.98,False,True,,,,
8378563200,2943,2.33,0.0,0.0,0.0,2.33,0.0,0.0,139.0,621.0,2685,2016-05-08,18,False,139.0,0.0,False,0.0,0.0,1.0,Sunday,True,4,False,True,621.0,9.22,0.9125,4.98,False,True,5.98,0.8997,3.75,False,True,,,,
8378563200,8382,6.65,2.09,1.27,0.66,4.72,71.0,13.0,171.0,772.0,3721,2016-05-09,20,False,255.0,84.0,False,0.191,0.0992,0.7098,Monday,False,4,True,True,772.0,5.98,0.8997,3.75,False,True,6.03,0.9258,3.53,False,True,,,,
8378563200,6582,5.22,2.25,0.66,0.64,3.92,63.0,13.0,152.0,840.0,3586,2016-05-10,17,False,228.0,76.0,False,0.1264,0.1226,0.751,Tuesday,False,5,True,True,840.0,6.03,0.9258,3.53,False,True,6.13,0.9509,3.87,False,True,,,,
8378563200,9143,7.25,2.09,1.39,0.59,5.27,72.0,10.0,184.0,763.0,3788,2016-05-11,19,False,266.0,82.0,False,0.1917,0.0814,0.7269,Wednesday,False,5,True,True,763.0,6.13,0.9509,3.87,False,True,8.32,0.9139,3.48,False,True,,,,
8583815059,5014,3.91,0.0,0.0,0.33,3.58,0.0,7.0,196.0,1237.0,2650,2016-04-12,14,False,203.0,7.0,False,0.0,0.0844,0.9156,Tuesday,False,1,False,False,,,,,,,,,,,,,,,
8583815059,5571,4.35,0.0,0.15,0.97,3.23,2.0,23.0,163.0,1252.0,2654,2016-04-13,14,False,188.0,25.0,False,0.0345,0.223,0.7425,Wednesday,False,1,False,False,,,,,,,,,,,,,,,
8583815059,3135,2.45,0.0,0.0,0.0,2.43,0.0,0.0,134.0,1306.0,2443,2016-04-14,16,False,134.0,0.0,False,0.0,0.0,1.0,Thursday,False,1,False,False,,,,,,,,,,,,,,,
8583815059,5319,4.15,0.0,,,,,,,,2693,2016-04-16,0,True,,,False,,,,Saturday,True,1,False,False,,,,,,,,,,,,,,,
8583815059,3008,2.35,0.0,,,,,,,,2439,2016-04-17,0,True,,,False,,,,Sunday,True,1,False,False,,,,,,,,,,,,,,,
8583815059,3864,3.01,0.0,0.31,1.06,1.35,4.0,22.0,105.0,1309.0,2536,2016-04-18,15,False,131.0,26.0,False,0.114,0.3897,0.4963,Monday,False,1,False,False,,,,,,,,,,,,,,,
8583815059,5697,4.44,0.0,0.53,0.48,3.44,7.0,10.0,166.0,1257.0,2668,2016-04-19,13,False,183.0,17.0,False,0.1191,0.1079,0.773,Tuesday,False,2,False,False,,,,,,,,,,,,,,,
8583815059,5273,4.11,0.0,0.0,1.04,3.07,0.0,27.0,167.0,1246.0,2647,2016-04-20,13,False,194.0,27.0,False,0.0,0.253,0.747,Wednesday,False,2,False,False,,,,,,,,,,,,,,,
8583815059,8538,6.66,0.0,2.63,1.02,3.01,35.0,18.0,158.0,1229.0,2883,2016-04-21,15,False,211.0,53.0,False,0.3949,0.1532,0.452,Thursday,False,2,False,False,,,,,,,,,,,,,,,
8583815059,8687,6.78,0.0,0.29,2.41,4.08,4.0,54.0,212.0,1170.0,2944,2016-04-22,16,False,270.0,58.0,False,0.0428,0.3555,0.6018,Friday,False,2,False,False,,,,,,,,,,,,,,,
8583815059,9423,7.35,0.0,0.53,2.03,4.75,7.0,44.0,238.0,1151.0,3012,2016-04-23,15,False,289.0,51.0,False,0.0725,0.2777,0.6498,Saturday,True,2,False,False,,,,,,,,,,,,,,,
8583815059,8286,6.46,0.0,0.15,2.05,4.27,2.0,44.0,206.0,1188.0,2889,2016-04-24,15,False,252.0,46.0,False,0.0232,0.3168,0.66,Sunday,True,2,False,False,,,,,,,,,,,,,,,
8583815059,4503,3.51,0.0,1.47,0.24,1.81,18.0,6.0,122.0,1294.0,2547,2016-04-25,14,False,146.0,24.0,False,0.4176,0.0682,0.5142,Monday,False,2,False,False,,,,,,,,,,,,,,,
8583815059,10499,8.19,0.0,0.07,4.22,3.89,1.0,91.0,214.0,1134.0,3093,2016-04-26,14,False,306.0,92.0,True,0.0086,0.5159,0.4756,Tuesday,False,3,False,False,,,,,,,,,,,,,,,
8583815059,12474,9.73,0.0,6.6,0.27,2.87,77.0,5.0,129.0,1229.0,3142,2016-04-27,15,False,211.0,82.0,True,0.6776,0.0277,0.2947,Wednesday,False,3,False,False,,,,,,,,,,,,,,,
8583815059,6174,4.82,0.0,0.0,1.2,3.61,0.0,28.0,203.0,1209.0,2757,2016-04-28,15,False,231.0,28.0,False,0.0,0.2495,0.7505,Thursday,False,3,False,False,,,,,,,,,,,,,,,
8583815059,15168,11.83,0.0,3.9,3.0,4.92,46.0,67.0,258.0,1069.0,3513,2016-04-29,17,False,371.0,113.0,True,0.3299,0.2538,0.4162,Friday,False,3,False,False,,,,,,,,,,,,,,,
8583815059,10085,7.87,0.0,0.15,1.28,6.43,2.0,28.0,317.0,1093.0,3164,2016-04-30,16,False,347.0,30.0,True,0.0191,0.1628,0.8181,Saturday,True,3,False,False,,,,,,,,,,,,,,,
8583815059,8469,6.61,0.0,,,,,,,,2894,2016-05-02,0,True,,,False,,,,Monday,False,3,False,False,,,,,,,,,,,,,,,
8583815059,12015,9.37,0.0,,,,,,,,3212,2016-05-03,0,True,,,True,,,,Tuesday,False,4,False,False,,,,,,,,,,,,,,,
8583815059,3588,2.8,0.0,,,,,,,,2516,2016-05-04,0,True,,,False,,,,Wednesday,False,4,False,False,,,,,,,,,,,,,,,
8583815059,5843,4.56,0.0,0.14,1.19,3.23,2.0,22.0,166.0,1250.0,2683,2016-05-06,14,False,190.0,24.0,False,0.0307,0.261,0.7083,Friday,False,4,False,False,,,,,,,,,,,,,,,
8583815059,6117,4.77,0.0,0.0,0.0,4.77,0.0,0.0,250.0,1190.0,2810,2016-05-07,16,False,250.0,0.0,False,0.0,0.0,1.0,Saturday,True,4,False,False,,,,,,,,,,,,,,,
8583815059,9217,7.19,0.0,0.22,3.31,3.66,3.0,72.0,182.0,1183.0,2940,2016-05-08,14,False,257.0,75.0,False,0.0306,0.4604,0.509,Sunday,True,4,False,False,,,,,,,,,,,,,,,
8583815059,9877,7.7,0.0,5.76,0.17,1.73,66.0,4.0,110.0,1260.0,2947,2016-05-09,12,False,180.0,70.0,False,0.752,0.0222,0.2258,Monday,False,4,False,False,,,,,,,,,,,,,,,
8583815059,8240,6.43,0.0,0.69,2.01,3.72,9.0,43.0,162.0,1226.0,2846,2016-05-10,15,False,214.0,52.0,False,0.1075,0.3131,0.5794,Tuesday,False,5,False,False,,,,,,,,,,,,,,,
8583815059,8701,6.79,0.0,0.37,3.24,3.17,5.0,71.0,177.0,1106.0,2804,2016-05-11,13,False,253.0,76.0,False,0.0546,0.4779,0.4676,Wednesday,False,5,False,False,,,,,,,,,,,,,,,
8792009665,2564,1.64,0.0,0.0,0.0,1.64,0.0,0.0,116.0,831.0,2044,2016-04-12,16,False,116.0,0.0,False,0.0,0.0,1.0,Tuesday,False,1,False,True,831.0,7.63,0.929,7.85,False,True,8.85,0.962,7.3,False,True,68.9,55.0,108.0,19.0
8792009665,1320,0.84,0.0,0.0,0.0,0.84,0.0,0.0,82.0,806.0,1934,2016-04-13,17,False,82.0,0.0,False,0.0,0.0,1.0,Wednesday,False,1,False,True,806.0,8.85,0.962,7.3,False,True,8.1,0.9662,8.57,False,True,68.5,54.0,99.0,5.0
8792009665,1219,0.78,0.0,0.0,0.0,0.78,0.0,0.0,84.0,853.0,1963,2016-04-14,15,False,84.0,0.0,False,0.0,0.0,1.0,Thursday,False,1,False,True,853.0,8.1,0.9662,8.57,False,True,6.05,0.9629,9.28,False,True,69.1,54.0,106.0,20.0
8792009665,2483,1.59,0.0,0.0,0.0,1.59,0.0,0.0,126.0,937.0,2009,2016-04-15,18,False,126.0,0.0,False,0.0,0.0,1.0,Friday,False,1,False,True,937.0,6.05,0.9629,9.28,False,True,,,,,,66.9,57.0,96.0,2.0
8792009665,3147,2.01,0.0,0.0,0.28,1.74,0.0,10.0,139.0,744.0,2188,2016-04-20,15,False,149.0,10.0,False,0.0,0.1386,0.8614,Wednesday,False,2,False,True,744.0,8.8,0.9653,8.22,False,True,,,,,,69.6,53.0,107.0,25.0
8792009665,4068,2.6,0.0,0.05,0.28,2.27,1.0,20.0,195.0,817.0,2419,2016-04-22,18,False,216.0,21.0,False,0.0192,0.1077,0.8731,Friday,False,2,False,True,817.0,6.52,0.9607,8.03,False,True,5.65,0.9417,9.25,False,True,70.3,55.0,111.0,57.0
8792009665,5245,3.36,0.0,0.16,0.44,2.75,8.0,45.0,232.0,795.0,2748,2016-04-23,19,False,285.0,53.0,False,0.0478,0.1313,0.8209,Saturday,True,2,False,True,795.0,5.65,0.9417,9.25,False,True,,,,,,77.8,59.0,115.0,111.0
8792009665,1321,0.85,0.0,0.0,0.0,0.85,0.0,0.0,80.0,1360.0,1928,2016-04-26,15,False,80.0,0.0,False,0.0,0.0,1.0,Tuesday,False,3,False,False,,,,,,,7.05,0.9883,8.18,False,True,69.8,59.0,98.0,5.0
8792009665,1758,1.13,0.0,0.0,0.0,1.13,0.0,0.0,112.0,900.0,2067,2016-04-27,16,False,112.0,0.0,False,0.0,0.0,1.0,Wednesday,False,3,False,True,900.0,7.05,0.9883,8.18,False,True,6.7,0.9663,8.72,False,True,68.8,53.0,109.0,25.0
8792009665,6157,3.94,0.0,0.0,0.0,3.94,0.0,0.0,310.0,714.0,2780,2016-04-28,18,False,310.0,0.0,False,0.0,0.0,1.0,Thursday,False,3,False,True,714.0,6.7,0.9663,8.72,False,True,6.63,0.9803,8.32,False,True,76.7,53.0,118.0,100.0
8792009665,8360,5.35,0.0,0.14,0.28,4.93,6.0,14.0,380.0,634.0,3101,2016-04-29,16,False,400.0,20.0,False,0.0262,0.0523,0.9215,Friday,False,3,False,True,634.0,6.63,0.9803,8.32,False,True,5.72,0.9528,8.33,False,True,80.9,59.0,116.0,139.0
8792009665,7174,4.59,0.0,0.33,0.36,3.91,10.0,20.0,301.0,749.0,2896,2016-04-30,19,False,331.0,30.0,False,0.0717,0.0783,0.85,Saturday,True,3,False,True,749.0,5.72,0.9528,8.33,False,True,8.38,0.9545,7.07,False,True,81.5,62.0,119.0,94.0
8792009665,1619,1.04,0.0,0.0,0.0,1.04,0.0,0.0,79.0,834.0,1962,2016-05-01,14,False,79.0,0.0,False,0.0,0.0,1.0,Sunday,True,3,False,True,834.0,8.38,0.9545,7.07,False,True,6.92,0.9811,8.57,False,True,67.8,55.0,100.0,7.0
8792009665,1831,1.17,0.0,0.0,0.0,1.17,0.0,0.0,101.0,916.0,2015,2016-05-02,17,False,101.0,0.0,False,0.0,0.0,1.0,Monday,False,3,False,True,916.0,6.92,0.9811,8.57,False,True,8.6,0.9468,8.0,False,True,67.4,54.0,105.0,15.0
8792009665,2421,1.55,0.0,0.0,0.0,1.55,0.0,0.0,156.0,739.0,2297,2016-05-03,17,False,156.0,0.0,False,0.0,0.0,1.0,Tuesday,False,4,False,True,739.0,8.6,0.9468,8.0,False,True,7.32,0.9482,8.35,False,True,74.4,55.0,109.0,37.0
8792009665,2283,1.46,0.0,0.0,0.0,1.46,0.0,0.0,129.0,848.0,2067,2016-05-04,13,False,129.0,0.0,False,0.0,0.0,1.0,Wednesday,False,4,False,True,848.0,7.32,0.9482,8.35,False,True,,,,,,75.0,63.0,107.0,9.0
8877689391,23186,20.4,0.0,12.22,0.34,7.82,85.0,7.0,312.0,1036.0,3921,2016-04-12,17,False,404.0,92.0,True,0.5996,0.0167,0.3837,Tuesday,False,1,False,False,,,,,,,,,,,,86.5,54.0,158.0,94.0
8877689391,15337,9.58,0.0,3.55,0.38,5.64,108.0,18.0,216.0,1098.0,3566,2016-04-13,16,False,342.0,126.0,True,0.371,0.0397,0.5893,Wednesday,False,1,False,False,,,,,,,,,,,,84.7,56.0,152.0,114.0
8877689391,21129,18.98,0.0,10.55,0.59,7.75,68.0,13.0,298.0,1061.0,3793,2016-04-14,18,False,379.0,81.0,True,0.5585,0.0312,0.4103,Thursday,False,1,False,False,,,,,,,,,,,,85.3,56.0,167.0,69.0
8877689391,13422,7.17,0.0,0.05,0.05,7.01,106.0,1.0,281.0,1052.0,3934,2016-04-15,18,False,388.0,107.0,True,0.007,0.007,0.9859,Friday,False,1,False,False,,,,,,,,,,,,91.9,60.0,154.0,114.0
8877689391,29326,25.29,0.0,13.24,1.21,10.71,94.0,29.0,429.0,888.0,4547,2016-04-16,17,False,552.0,123.0,True,0.5262,0.0481,0.4257,Saturday,True,1,False,False,,,,,,,,,,,,92.1,65.0,169.0,88.0
8877689391,15118,8.87,0.0,0.0,0.07,8.79,58.0,15.0,307.0,1060.0,3545,2016-04-17,16,False,380.0,73.0,True,0.0,0.0079,0.9921,Sunday,True,1,False,False,,,,,,,,,,,,87.9,57.0,157.0,79.0
8877689391,11423,8.67,0.0,2.44,0.27,5.94,29.0,5.0,191.0,1215.0,2761,2016-04-18,16,False,225.0,34.0,True,0.2821,0.0312,0.6867,Monday,False,1,False,False,,,,,,,,,,,,66.0,53.0,114.0,18.0
8877689391,18785,17.4,0.0,12.15,0.18,5.03,82.0,13.0,214.0,1131.0,3676,2016-04-19,17,False,309.0,95.0,True,0.6999,0.0104,0.2897,Tuesday,False,2,False,False,,,,,,,,,,,,86.6,55.0,173.0,99.0
8877689391,19948,18.11,0.0,11.02,0.69,6.34,73.0,19.0,225.0,1123.0,3679,2016-04-20,17,False,317.0,92.0,True,0.6105,0.0382,0.3512,Wednesday,False,2,False,False,,,,,,,,,,,,85.5,56.0,170.0,80.0
8877689391,19377,17.62,0.0,12.29,0.42,4.89,82.0,13.0,226.0,1119.0,3659,2016-04-21,17,False,321.0,95.0,True,0.6983,0.0239,0.2778,Thursday,False,2,False,False,,,,,,,,,,,,87.1,59.0,166.0,88.0
8877689391,18258,16.31,0.0,10.23,0.03,5.97,61.0,2.0,236.0,1141.0,3427,2016-04-22,17,False,299.0,63.0,True,0.6303,0.0018,0.3678,Friday,False,2,False,False,,,,,,,,,,,,82.8,56.0,154.0,70.0
8877689391,11200,7.43,0.0,0.0,0.0,7.4,102.0,6.0,300.0,1032.0,3891,2016-04-23,16,False,408.0,108.0,True,0.0,0.0,1.0,Saturday,True,2,False,False,,,,,,,,,,,,93.9,61.0,152.0,110.0
8877689391,16674,15.74,0.0,11.01,0.01,4.69,64.0,1.0,227.0,1148.0,3455,2016-04-24,15,False,292.0,65.0,True,0.7008,0.0006,0.2985,Sunday,True,2,False,False,,,,,,,,,,,,87.3,60.0,169.0,70.0
8877689391,12986,8.74,0.0,2.37,0.07,6.27,113.0,8.0,218.0,1101.0,3802,2016-04-25,17,False,339.0,121.0,True,0.2721,0.008,0.7199,Monday,False,2,False,False,,,,,,,,,,,,89.8,55.0,157.9,124.0
8877689391,11101,8.43,0.0,1.76,0.13,6.5,22.0,3.0,258.0,1157.0,2860,2016-04-26,18,False,283.0,25.0,True,0.2098,0.0155,0.7747,Tuesday,False,3,False,False,,,,,,,,,,,,67.6,55.0,110.0,15.0
8877689391,23629,20.65,0.0,13.07,0.44,7.1,93.0,8.0,235.0,1104.0,3808,2016-04-27,17,False,336.0,101.0,True,0.6342,0.0213,0.3445,Wednesday,False,3,False,False,,,,,,,,,,,,84.8,54.0,158.0,99.0
8877689391,14890,11.3,0.0,4.93,0.38,5.97,58.0,8.0,231.0,1143.0,3060,2016-04-28,17,False,297.0,66.0,True,0.4371,0.0337,0.5293,Thursday,False,3,False,False,,,,,,,,,,,,66.8,53.0,121.0,41.0
8877689391,9733,7.39,0.0,1.38,0.17,5.79,18.0,5.0,210.0,1207.0,2698,2016-04-29,18,False,233.0,23.0,False,0.188,0.0232,0.7888,Friday,False,3,False,False,,,,,,,,,,,,64.5,53.0,114.0,18.0
8877689391,27745,26.72,0.0,21.66,0.08,4.93,124.0,4.0,223.0,1089.0,4398,2016-04-30,15,False,351.0,128.0,True,0.8121,0.003,0.1849,Saturday,True,3,False,False,,,,,,,,,,,,102.2,57.0,167.0,128.0
8877689391,10930,8.32,0.0,3.13,0.57,4.57,36.0,12.0,166.0,1226.0,2786,2016-05-01,14,False,214.0,48.0,True,0.3785,0.0689,0.5526,Sunday,True,3,False,False,,,,,,,,,,,,70.7,57.0,113.2,32.0
8877689391,4790,3.64,0.0,0.0,0.0,3.56,0.0,0.0,105.0,1335.0,2189,2016-05-02,10,False,105.0,0.0,False,0.0,0.0,1.0,Monday,False,3,False,False,,,,,,,,,,,,,,,
8877689391,10818,8.21,0.0,1.39,0.1,6.67,19.0,3.0,229.0,1189.0,2817,2016-05-03,17,False,251.0,22.0,True,0.1703,0.0123,0.8174,Tuesday,False,4,False,False,,,,,,,,,,,,67.5,56.0,114.0,25.0
8877689391,18193,16.3,0.0,10.42,0.31,5.53,66.0,8.0,212.0,1154.0,3477,2016-05-04,16,False,286.0,74.0,True,0.6408,0.0191,0.3401,Wednesday,False,4,False,False,,,,,,,,,,,,88.4,62.0,163.0,66.0
8877689391,14055,10.67,0.0,5.46,0.82,4.37,67.0,15.0,188.0,1170.0,3052,2016-05-05,16,False,270.0,82.0,True,0.5127,0.077,0.4103,Thursday,False,4,False,False,,,,,,,,,,,,72.9,59.0,116.0,42.0
8877689391,21727,19.34,0.0,12.79,0.29,6.16,96.0,17.0,232.0,1095.0,4015,2016-05-06,17,False,345.0,113.0,True,0.6648,0.0151,0.3202,Friday,False,4,False,False,,,,,,,,,,,,92.8,58.0,164.0,142.0
8877689391,12332,8.13,0.0,0.08,0.96,6.99,105.0,28.0,271.0,1036.0,4142,2016-05-07,15,False,404.0,133.0,True,0.01,0.1196,0.8705,Saturday,True,4,False,False,,,,,,,,,,,,101.0,66.0,160.0,120.0
8877689391,10686,8.11,0.0,1.08,0.2,6.8,17.0,4.0,245.0,1174.0,2847,2016-05-08,15,False,266.0,21.0,True,0.1337,0.0248,0.8416,Sunday,True,4,False,False,,,,,,,,,,,,72.6,60.0,112.0,19.0
8877689391,20226,18.25,0.0,11.1,0.8,6.24,73.0,19.0,217.0,1131.0,3710,2016-05-09,17,False,309.0,92.0,True,0.6119,0.0441,0.344,Monday,False,4,False,False,,,,,,,,,,,,89.6,59.0,173.0,87.0
8877689391,10733,8.15,0.0,1.35,0.46,6.28,18.0,11.0,224.0,1187.0,2832,2016-05-10,16,False,253.0,29.0,True,0.1669,0.0569,0.7763,Tuesday,False,5,False,False,,,,,,,,,,,,71.5,58.0,112.0,34.0
8877689391,21420,19.56,0.0,13.22,0.41,5.89,88.0,12.0,213.0,1127.0,3832,2016-05-11,17,False,313.0,100.0,True,0.6773,0.021,0.3017,Wednesday,False,5,False,False,,,,,,,,,,,,89.1,56.0,173.0,100.0
